B,instance,seed,opt,myopic,lookahead_legacy,lookahead_exact
1,0,20260716,6.462484545636022,6.462484545636023,6.462484545636023,6.462484545636023
1,1,20260717,5.8021205309993,5.802120530999303,5.802120530999303,5.8021205309993
1,2,20260718,7.125653849411388,7.12565384941139,7.12565384941139,7.12565384941139
1,3,20260719,4.323870853336762,4.323870853336763,4.323870853336763,4.323870853336762
1,4,20260720,2.7638044048818546,2.763804404881854,2.763804404881854,2.7638044048818546
1,5,20260721,3.793069599426379,3.7930695994263783,3.7930695994263783,3.793069599426379
1,6,20260722,7.049080090379656,7.0490800903796575,7.0490800903796575,7.049080090379656
1,7,20260723,7.77839628809811,7.7783962880981115,7.7783962880981115,7.7783962880981115
1,8,20260724,3.6415300550476917,3.641530055047692,3.641530055047692,3.641530055047691
1,9,20260725,3.6786623670693723,3.6786623670693714,3.6786623670693714,3.6786623670693723
1,10,20260726,5.864374504969859,5.864374504969858,5.864374504969858,5.8643745049698595
1,11,20260727,5.375423963495746,5.375423963495747,5.375423963495747,5.375423963495746
1,12,20260728,3.9480448086710047,3.9480448086710056,3.9480448086710056,3.9480448086710047
1,13,20260729,4.944004867192664,4.944004867192667,4.944004867192667,4.944004867192666
1,14,20260730,4.564655339359019,4.564655339359018,4.564655339359018,4.564655339359019
1,15,20260731,7.358087771287773,7.358087771287774,7.358087771287774,7.3580877712877735
1,16,20260732,5.163851288689769,5.163851288689767,5.163851288689767,5.163851288689769
1,17,20260733,4.346350839394621,4.346350839394621,4.346350839394621,4.346350839394621
1,18,20260734,5.750983559917434,5.750983559917437,5.750983559917437,5.750983559917435
1,19,20260735,4.030773638914376,4.0307736389143765,4.0307736389143765,4.030773638914376
1,20,20260736,4.841831942970487,4.8418319429704875,4.8418319429704875,4.841831942970487
1,21,20260737,3.867371883453401,3.867371883453402,3.867371883453402,3.867371883453401
1,22,20260738,6.660052669999593,6.660052669999595,6.660052669999595,6.660052669999593
1,23,20260739,2.9786131768584454,2.978613176858445,2.978613176858445,2.9786131768584454
1,24,20260740,4.507991229151519,4.5079912291515205,4.5079912291515205,4.50799122915152
1,25,20260741,8.288035016463608,8.288035016463605,8.288035016463605,8.288035016463608
1,26,20260742,7.319036135174252,7.319036135174251,7.319036135174251,7.319036135174253
1,27,20260743,4.524408819202761,4.524408819202762,4.524408819202762,4.524408819202762
1,28,20260744,4.316790951228506,4.316790951228507,4.316790951228507,4.316790951228506
1,29,20260745,3.7619143102209724,3.761914310220973,3.761914310220973,3.761914310220973
2,0,20260716,10.060728597155464,10.045532305655478,10.060728597155466,10.060728597155466
2,1,20260717,9.076748457607765,8.952158847975694,9.076748457607769,9.076748457607765
2,2,20260718,11.511137172143412,11.511137172143414,11.511137172143414,11.511137172143414
2,3,20260719,6.332012277400956,6.332012277400957,6.332012277400957,6.332012277400956
2,4,20260720,4.649364199463769,4.4695841473350315,4.649364199463768,4.649364199463769
2,5,20260721,6.298913231405833,6.197403536313397,6.298913231405833,6.298913231405833
2,6,20260722,11.417029348292603,11.417029348292605,11.417029348292605,11.417029348292603
2,7,20260723,11.88453823315829,11.884538233158292,11.884538233158292,11.884538233158292
2,8,20260724,5.878221133423425,5.878221133423427,5.878221133423427,5.878221133423423
2,9,20260725,5.932857140239475,5.835065638598327,5.932857140239474,5.932857140239475
2,10,20260726,9.396202645024388,9.396202645024387,9.396202645024387,9.396202645024388
2,11,20260727,7.471646071288831,7.471646071288831,7.471646071288831,7.47164607128883
2,12,20260728,6.737333756494459,6.594433024459983,6.7373337564944595,6.737333756494459
2,13,20260729,7.867638388529348,7.694875674267148,7.8676383885293495,7.8676383885293495
2,14,20260730,7.330156896008412,7.330156896008409,7.322927771994175,7.330156896008411
2,15,20260731,10.212273772447233,9.783291955737358,10.212273772447235,10.212273772447235
2,16,20260732,7.621881565570827,7.603932293135635,7.621881565570827,7.621881565570828
2,17,20260733,7.076667924865608,6.926518402181525,7.076667924865607,7.076667924865607
2,18,20260734,8.660629416548677,8.34259739935044,8.66062941654868,8.660629416548678
2,19,20260735,6.461408588076105,6.45166624932437,6.416166855663139,6.461408588076105
2,20,20260736,8.170317048143175,7.98963299079366,8.170317048143177,8.170317048143175
2,21,20260737,6.569543066431055,6.5695430664310575,6.5695430664310575,6.569543066431055
2,22,20260738,10.193873282431,10.042139223452367,10.193873282430998,10.193873282430998
2,23,20260739,5.218874476747683,5.218874476747683,5.218874476747683,5.218874476747684
2,24,20260740,7.211194805567017,7.098882385706829,7.185939098599579,7.211194805567017
2,25,20260741,12.07867821713375,12.06302459623934,12.06302459623934,12.078678217133751
2,26,20260742,10.659446574508877,10.005554949420997,10.554652460122753,10.659446574508879
2,27,20260743,7.186897423726198,6.430801277091943,7.1868974237262,7.1868974237262
2,28,20260744,6.998067367421655,6.899624117934912,6.899624117934912,6.998067367421655
2,29,20260745,6.481113521400047,6.481113521400047,6.481113521400047,6.481113521400047
3,0,20260716,12.771614626439463,11.762891696633057,12.449734976699519,12.708412801103362
3,1,20260717,11.252069802985549,10.356204157507339,10.773308387497774,11.220760709742434
3,2,20260718,14.566996690766471,13.680050693786047,14.15769005727645,14.304963947460399
3,3,20260719,8.221834464828394,7.67787231708256,7.806344752419501,8.137043770240359
3,4,20260720,6.402033639128363,5.470752928477396,6.092742730991493,6.2833807934626975
3,5,20260721,9.06951058617715,8.237755521724047,8.526666443822162,9.06951058617715
3,6,20260722,13.742216419812099,13.088012503707398,12.847345449828211,13.606198983417054
3,7,20260723,14.141940765169393,13.510374506500076,13.781209114369576,13.998114714717024
3,8,20260724,8.083914298760117,7.4830864583100976,7.734339771447567,8.05741247347062
3,9,20260725,7.71472783660328,7.20942268031982,7.315857025049561,7.714727836603281
3,10,20260726,12.232959397809195,11.461500739033598,11.871073825670866,12.232959397809196
3,11,20260727,8.872297014555068,8.371059741878044,8.573929916012917,8.751759829650778
3,12,20260728,9.804194509054376,8.769633383394961,9.167574710394685,9.661764956909547
3,13,20260729,10.16019304619551,9.23923795260506,9.633438765592775,10.157870264457651
3,14,20260730,9.505499897872822,8.962359600365517,9.27029185296179,9.436292952020118
3,15,20260731,12.106840542706076,11.447594603899178,11.865827726739843,11.980513640516568
3,16,20260732,9.813641724378602,9.446614256999084,9.362773332750411,9.72881095280315
3,17,20260733,8.946519942865173,8.33017093507015,8.359854861585998,8.913606947302656
3,18,20260734,11.035251196282992,10.367544853752463,10.700420647587569,10.979794009064884
3,19,20260735,8.772029958351688,7.974394703278416,8.391501137769414,8.772029958351688
3,20,20260736,10.764777558485301,9.800057250272628,10.166896797929027,10.764777558485298
3,21,20260737,9.034084912711972,8.338394186660489,8.48038074813591,8.866374795402443
3,22,20260738,12.83308776229834,12.053621059243733,12.453997848940183,12.634124933814752
3,23,20260739,7.4148004212645695,6.8531619542910285,6.962936836686909,7.184304443498845
3,24,20260740,9.273408371962814,8.393206495934447,8.778533325151065,9.078216487650428
3,25,20260741,14.959019503946383,14.186563366930164,14.394725925884432,14.867209217452046
3,26,20260742,13.246394923243834,11.65892974027511,12.774656130523251,13.100753146221551
3,27,20260743,9.373577553273371,7.944336563590351,9.061154494046548,9.320211124694994
3,28,20260744,9.469042072553197,8.651134148791813,8.821913875651886,9.42911005415539
3,29,20260745,9.09414623789397,8.3268601953356,8.514977986297172,9.094146237893971
4,0,20260716,14.318482566081272,12.879465002025139,13.407955368808235,14.172011306878899
4,1,20260717,12.673792901358059,11.562479536734472,11.82769838397872,12.552501329231212
4,2,20260718,16.402512035774283,15.057270983467562,15.383488396885715,16.29133837141815
4,3,20260719,9.563788640762066,8.583714835315005,8.866104459662932,9.448152648565111
4,4,20260720,7.588677519391638,6.3351506679093115,7.063397279802404,7.509686148888522
4,5,20260721,11.21961183732856,9.735115080507859,10.182676735207409,11.150825622720083
4,6,20260722,15.072359994218635,13.807956260166064,14.49192808400981,15.068584697344338
4,7,20260723,15.441276565393535,14.032558704668133,14.288736748980211,15.359739032411081
4,8,20260724,9.999240402255305,8.393332921649503,8.823709392443146,9.96392967635106
4,9,20260725,8.928206266840336,7.99908512066822,8.386284951886108,8.820504114956151
4,10,20260726,13.856884348666068,12.690503740978672,13.11999859378966,13.836241914769559
4,11,20260727,9.838822722530905,9.121057643260395,9.380753860232078,9.788668481187923
4,12,20260728,12.800542589900763,10.515692067512944,11.07464420506949,12.463379609559968
4,13,20260729,11.853169521537259,10.37816403314451,11.034721161190546,11.773855277966547
4,14,20260730,11.13883394319282,9.845043466986573,10.404394794980066,11.048652647390696
4,15,20260731,13.226309776355818,12.311413125001142,12.810095118828148,13.124234633265635
4,16,20260732,11.234709817717395,10.581482822172307,10.43186968370608,11.140909827742105
4,17,20260733,10.183977627047227,8.88807925697134,9.631070546604203,10.164475780604562
4,18,20260734,12.93172520950928,11.766516013101427,12.152436058611114,12.761365620840603
4,19,20260735,10.537493997200192,9.11394087744378,9.5994622121669,10.434088411508506
4,20,20260736,12.59882752050588,11.089347710950205,11.80471596712452,12.489126688009401
4,21,20260737,10.910898783030605,9.490285160128753,9.879083516280021,10.784310518851473
4,22,20260738,14.375386060341647,12.948342875002757,13.567407052370111,14.1544758553693
4,23,20260739,9.18876443559099,7.896270315027376,8.203077733293362,9.019104000792183
4,24,20260740,10.509191557608323,8.944231551533138,9.816337109610581,10.41542285869604
4,25,20260741,16.68608444595763,14.925994823295001,15.981943093070482,16.650046062688062
4,26,20260742,14.623463040707326,12.326980906358393,13.327109607897272,14.590020556318807
4,27,20260743,10.903539821527346,8.864620489203602,9.890939223745239,10.853688444653184
4,28,20260744,11.163302362903769,9.788865511756477,10.38861304355887,11.08166408005744
4,29,20260745,11.079155749732644,9.740901943590037,9.966669567325408,11.013801429294249
