sample_id,agents,healthStatus,avg_p,p_0,u_0,p_1,u_1,p_2,u_2,p_3,u_3,p_4,u_4,U_max,U_single,U_D_classical,U_D_A_optimal,U_greedy_sequential,U_greedy_counting
0,"[(0, 0.6394267984578837, 0.025010755222666936), (1, 0.27502931836911926, 0.22321073814882275), (2, 0.7364712141640124, 0.6766994874229113), (3, 0.8921795677048454, 0.08693883262941615), (4, 0.4219218196852704, 0.029797219438070344)]","[0, 0, 1, 0, 0]",0.7916685934276225,0.9749892447773331,0.6394267984578837,0.7767892618511772,0.27502931836911926,0.3233005125770887,0.7364712141640124,0.9130611673705838,0.8921795677048454,0.9702027805619297,0.4219218196852704,0.6658888845902471,0.5759347432385927,0.5759347432385928,0.5759347432385928,0.5759347432385926,0.5759347432385926
1,"[(0, 0.038551839337380045, 0.6962243226370528), (1, 0.14393322139536102, 0.46253225482908755), (2, 0.671646764117767, 0.7929512716552943), (3, 0.45318922846621235, 0.4982722297980512), (4, 0.01915710802434778, 0.4323888389514402)]","[0, 0, 1, 1, 1]",0.4235262164258148,0.3037756773629472,0.038551839337380045,0.5374677451709124,0.14393322139536102,0.20704872834470567,0.671646764117767,0.5017277702019488,0.45318922846621235,0.5676111610485598,0.01915710802434778,0.8600925684608705,0.7583947630986649,0.7583947630986649,0.7583947630986649,0.7583947630986649,0.7583947630986649
2,"[(0, 0.40853587925449375, 0.5419720091045962), (1, 0.8620366164792732, 0.17666564419544384), (2, 0.2251595205781467, 0.02909725326811108), (3, 0.1166505334428638, 0.008805625887066904), (4, 0.15669033508336383, 0.5137132085026757)]","[1, 0, 0, 0, 0]",0.7459492518084213,0.4580279908954038,0.40853587925449375,0.8233343558045562,0.8620366164792732,0.9709027467318889,0.2251595205781467,0.9911943741129331,0.1166505334428638,0.48628679149732434,0.15669033508336383,0.4617798647712899,0.3737072654412423,0.3737072654412423,0.3737072654412423,0.3737072654412422,0.37370726544124216
3,"[(0, 0.2718754143840908, 0.48802820785090784), (1, 0.08187934237116656, 0.33873348699206973), (2, 0.07233360770535402, 0.011036367079899967), (3, 0.28385029589876865, 0.11770636555802805), (4, 0.3110382248120007, 0.7434707928397064)]","[0, 0, 0, 1, 1]",0.6602049559358776,0.5119717921490922,0.2718754143840908,0.6612665130079303,0.08187934237116656,0.9889636329201,0.07233360770535402,0.882293634441972,0.28385029589876865,0.2565292071602936,0.3110382248120007,0.4258752689386912,0.36393070684502377,0.36393070684502377,0.36393070684502377,0.36393070684502377,0.36393070684502377
4,"[(0, 0.8882680764524881, 0.39999439597101294), (1, 0.5886201827742321, 0.8597866735427614), (2, 0.22853920336460065, 0.5157172840235198), (3, 0.5837304855736061, 0.9471995219767291), (4, 0.03218138985626773, 0.06894367026654058)]","[1, 1, 0, 1, 0]",0.44167169084388724,0.6000056040289871,0.8882680764524881,0.1402133264572386,0.5886201827742321,0.4842827159764802,0.22853920336460065,0.052800478023270925,0.5837304855736061,0.9310563297334594,0.03218138985626773,1.5343795989101596,1.058997025826153,1.3223018921102279,1.3383350481655516,1.3249323121719887,1.3249323121719887
5,"[(0, 0.35184625582788265, 0.430186245990098), (1, 0.4536708635895742, 0.3434697408782532), (2, 0.5124443649244089, 0.3924154014554718), (3, 0.04090872254284261, 0.4185326073961467), (4, 0.023659862260269615, 0.10245584696998078)]","[0, 1, 0, 0, 0]",0.66258803146201,0.569813754009902,0.35184625582788265,0.6565302591217468,0.4536708635895742,0.6075845985445282,0.5124443649244089,0.5814673926038533,0.04090872254284261,0.8975441530300192,0.023659862260269615,0.5278184206449696,0.35691327514653065,0.35691327514653065,0.35691327514653065,0.35691327514653065,0.35691327514653065
6,"[(0, 0.5481578284163297, 0.13189146337587565), (1, 0.7115468422680244, 0.3022500559178156), (2, 0.938325274775271, 0.19271834726532977), (3, 0.7619850071956039, 0.1656415474015609), (4, 0.9660871461541211, 0.8736083929044367)]","[0, 0, 0, 1, 1]",0.6667780386269963,0.8681085366241243,0.5481578284163297,0.6977499440821844,0.7115468422680244,0.8072816527346702,0.938325274775271,0.8343584525984391,0.7619850071956039,0.1263916070955633,0.9660871461541211,1.4383931220124087,1.0590469120209909,1.0796129843390971,1.0955605545766227,1.0590469120209909,1.0590469120209909
7,"[(0, 0.06688397634275167, 0.41324281642825933), (1, 0.11050473394613869, 0.752111461418534), (2, 0.5112851098756519, 0.04967399448053067), (3, 0.044807484435657075, 0.7359343862230144), (4, 0.1543497477085961, 0.733744889835985)]","[1, 1, 0, 1, 0]",0.4630584903227353,0.5867571835717407,0.06688397634275167,0.24788853858146598,0.11050473394613869,0.9503260055194693,0.5112851098756519,0.26406561377698556,0.044807484435657075,0.26625511016401504,0.1543497477085961,0.28237748061064555,0.1963652155705526,0.19921937940946643,0.19921937940946643,0.19522343569098133,0.19522343569098133
8,"[(0, 0.4975365687586023, 0.2661737230725406), (1, 0.6374111614436909, 0.24247975418376266), (2, 0.4731685799874552, 0.9703361491117534), (3, 0.08518806501099674, 0.31737891751820513), (4, 0.6764439534894834, 0.0852413172296076)]","[0, 0, 1, 1, 0]",0.6236780277768261,0.7338262769274594,0.4975365687586023,0.7575202458162373,0.6374111614436909,0.029663850888246635,0.4731685799874552,0.6826210824817949,0.08518806501099674,0.9147586827703924,0.6764439534894834,0.8308209098838787,0.6136918795265568,0.6402663688989877,0.6432422252263695,0.6136918795265568,0.6136918795265567
9,"[(0, 0.243517762709337, 0.502208989503156), (1, 0.16193751429080594, 0.8212222158432813), (2, 0.23139951253383595, 0.5523286406385723), (3, 0.9263574247603646, 0.39737875423051217), (4, 0.9678678919644726, 0.7314719162578773)]","[0, 0, 0, 0, 1]",0.3990778967053202,0.49779101049684404,0.243517762709337,0.17877778415671874,0.16193751429080594,0.44767135936142766,0.23139951253383595,0.6026212457694878,0.9263574247603646,0.26852808374212267,0.9678678919644726,1.4591750130958,1.076082941043184,1.0760829410431842,1.0760829410431842,1.076082941043184,1.076082941043184
10,"[(0, 0.9783548583709967, 0.05452265501045739), (1, 0.7256617211743249, 0.48386174332444243), (2, 0.9417232451664073, 0.40685448820929193), (3, 0.9192429940422667, 0.15914779888390995), (4, 0.9947801813388589, 0.4129795419466491)]","[0, 1, 1, 0, 0]",0.6965267545250498,0.9454773449895426,0.9783548583709967,0.5161382566755576,0.7256617211743249,0.5931455117907081,0.9417232451664073,0.84085220111609,0.9192429940422667,0.5870204580533509,0.9947801813388589,1.3447261416071716,0.7939681925738986,0.7939681925738987,0.7939681925738987,0.7939681925738987,0.7939681925738987
11,"[(0, 0.6171414766699522, 0.8901385532025501), (1, 0.45648721979605955, 0.7114047593079196), (2, 0.9369813033782328, 0.5205598276906142), (3, 0.7338401709097778, 0.7280324327291228), (4, 0.8581866169652738, 0.03679243409125621)]","[0, 1, 1, 0, 0]",0.4226143985957075,0.10986144679744991,0.6171414766699522,0.2885952406920804,0.45648721979605955,0.47944017230938585,0.9369813033782328,0.27196756727087723,0.7338401709097778,0.9632075659087438,0.8581866169652738,1.9276776471308275,1.0836008660260774,1.425554290296542,1.4580266355111284,1.4211957083069404,1.42119570830694
12,"[(0, 0.9136429725548911, 0.13747801958723116), (1, 0.5560701362634135, 0.48302248783288215), (2, 0.9589804149235308, 0.38038975163550337), (3, 0.44650040812843694, 0.5773872191555337), (4, 0.3820970645271843, 0.9119047595432644)]","[0, 0, 1, 0, 1]",0.5019635524491171,0.8625219804127688,0.9136429725548911,0.5169775121671178,0.5560701362634135,0.6196102483644966,0.9589804149235308,0.4226127808444663,0.44650040812843694,0.08809524045673556,0.3820970645271843,1.3652262897111733,0.7132224536059231,0.8325025077473857,0.8477648256471603,0.8477648256471603,0.8477648256471604
13,"[(0, 0.09033985426934954, 0.9506335645634441), (1, 0.14997105299598545, 0.7393703706762795), (2, 0.8412423959349363, 0.7471369518620469), (3, 0.30193759566924927, 0.35162393686161975), (4, 0.7218626135761532, 0.9656464075038401)]","[1, 1, 0, 0, 1]",0.24911775370655392,0.049366435436555944,0.09033985426934954,0.26062962932372047,0.14997105299598545,0.25286304813795313,0.8412423959349363,0.6483760631383803,0.30193759566924927,0.03435359249615988,0.7218626135761532,1.6285200557934196,1.3255873189870986,1.4381253957686142,1.43959265279703,1.416622698591387,1.416622698591387
14,"[(0, 0.965919188024944, 0.5597559139989046), (1, 0.47367188821064365, 0.5232794754292152), (2, 0.7676600630784518, 0.9886060277444721), (3, 0.42056555827957265, 0.2309361852296321), (4, 0.3746875347064148, 0.06769746793327747)]","[1, 0, 1, 0, 0]",0.5259449859328997,0.44024408600109544,0.965919188024944,0.47672052457078484,0.47367188821064365,0.011393972255527851,0.7676600630784518,0.7690638147703679,0.42056555827957265,0.9323025320667225,0.3746875347064148,1.6699443237823142,1.2995923435600414,1.4305936877114527,1.4318369993517277,1.4318369993517277,1.4318369993517277
15,"[(0, 0.04256571358257688, 0.5896864504016538), (1, 0.019310811347186485, 0.5141261392922695), (2, 0.9766461363238077, 0.29024680692058136), (3, 0.9742198470014191, 0.6360311719284631), (4, 0.8839870868472304, 0.019670627013046116)]","[0, 1, 1, 1, 0]",0.5900477608887973,0.4103135495983462,0.04256571358257688,0.48587386070773053,0.019310811347186485,0.7097531930794186,0.9766461363238077,0.36396882807153685,0.9742198470014191,0.9803293729869539,0.8839870868472304,0.9555198112691633,0.9031026135635887,0.9031026135635887,0.9031026135635887,0.9031026135635886,0.9031026135635886
16,"[(0, 0.5807571649339567, 0.20572399898108007), (1, 0.641969367731135, 0.9464854389516257), (2, 0.04120646560497743, 0.449399615864453), (3, 0.3534455518676901, 0.28791940067269284), (4, 0.8769244496546277, 0.966730948165597)]","[0, 0, 0, 1, 1]",0.42874811947291025,0.7942760010189199,0.5807571649339567,0.053514561048374265,0.641969367731135,0.550600384135547,0.04120646560497743,0.7120805993273072,0.3534455518676901,0.033269051834402985,0.8769244496546277,1.6951223511800249,1.4553646634947135,1.5444697665723657,1.5544362950246549,1.5446824785402598,1.5446824785402598
17,"[(0, 0.22418547484732643, 0.9326402965973477), (1, 0.94574360891813, 0.022758574308230806), (2, 0.8469169460230942, 0.7143731864040154), (3, 0.6798960761851487, 0.010574548889467406), (4, 0.8283118716249926, 0.3782620689642363)]","[1, 0, 1, 0, 0]",0.5882782649673405,0.0673597034026523,0.22418547484732643,0.9772414256917692,0.94574360891813,0.28562681359598463,0.8469169460230942,0.9894254511105326,0.6798960761851487,0.6217379310357637,0.8283118716249926,1.1561314979104862,0.9183337196585839,1.0284291808351453,1.0537672488645782,1.0344573554073375,1.0344573554073375
18,"[(0, 0.3078067547337774, 0.5779578771750392), (1, 0.26561803541817575, 0.8078960514329893), (2, 0.4672172210012604, 0.33251980673741144), (3, 0.8967525962082569, 0.7924119898695275), (4, 0.8596136949374525, 0.6658137355569159)]","[1, 1, 1, 1, 0]",0.3646801078456233,0.4220421228249608,0.3078067547337774,0.19210394856701074,0.26561803541817575,0.6674801932625886,0.4672172210012604,0.20758801013047246,0.8967525962082569,0.3341862644430841,0.8596136949374525,1.8307901951257717,1.282940114544238,1.3166002274946675,1.3351748073373193,1.335174807337319,1.335174807337319
19,"[(0, 0.4944874359794347, 0.5566917301473991), (1, 0.8097427554952769, 0.320615569452388), (2, 0.3209674790797922, 0.6931668373027555), (3, 0.4861671727703992, 0.35934487033728135), (4, 0.405500042895381, 0.3297995475987595)]","[1, 0, 1, 0, 0]",0.5480762890322832,0.44330826985260086,0.4944874359794347,0.679384430547612,0.8097427554952769,0.3068331626972445,0.3209674790797922,0.6406551296627186,0.4861671727703992,0.6702004524012405,0.405500042895381,1.0658126236449808,0.5348932009346068,0.5742840778381803,0.5836308487868445,0.5742840778381801,0.57428407783818
20,"[(0, 0.9279915658776743, 0.17302689004804395), (1, 0.9706289232878222, 0.23810877570847333), (2, 0.4647520580133595, 0.8977615957769559), (3, 0.3557737109891407, 0.5080512701502199), (4, 0.1615257859809165, 0.9611529205785535)]","[1, 0, 1, 1, 1]",0.4443797095475507,0.826973109951956,0.9279915658776743,0.7618912242915267,0.9706289232878222,0.10223840422304409,0.4647520580133595,0.4919487298497801,0.3557737109891407,0.038847079421446495,0.1615257859809165,1.1449215751670179,0.6483518138339951,0.7976930005528257,0.8137487578723757,0.77152176086653,0.7715217608665302
21,"[(0, 0.4451392251568228, 0.2940884823388854), (1, 0.9094288740525506, 0.4843063478158385), (2, 0.08704596300950762, 0.7499579644093803), (3, 0.07543823614279799, 0.20250559814849733), (4, 0.07392384727682055, 0.6282076485972601)]","[0, 1, 1, 0, 0]",0.5281867917380276,0.7059115176611146,0.4451392251568228,0.5156936521841615,0.9094288740525506,0.25004203559061966,0.08704596300950762,0.7974944018515027,0.07543823614279799,0.3717923514027399,0.07392384727682055,0.6983495003816023,0.5713524957465383,0.5713524957465383,0.5713524957465383,0.5713524957465383,0.5713524957465383
22,"[(0, 0.47615826222934565, 0.6302190543188851), (1, 0.40396096956847294, 0.9200240126763269), (2, 0.01685162040226995, 0.9876105507362524), (3, 0.7041144439033412, 0.8039949881475503), (4, 0.8031057995895188, 0.20136711521936546)]","[1, 1, 1, 1, 0]",0.291356855780324,0.36978094568111486,0.47615826222934565,0.07997598732367306,0.40396096956847294,0.012389449263747632,0.01685162040226995,0.19600501185244967,0.7041144439033412,0.7986328847806345,0.8031057995895188,1.4162042220814612,0.9377582761675918,1.1472914144584154,1.1630498554970667,1.1504941131358084,1.1504941131358084
23,"[(0, 0.414743999308679, 0.2877001726198135), (1, 0.8447123409803766, 0.44377102299371884), (2, 0.5287265587083821, 0.5512591967494214), (3, 0.3389030681989278, 0.6394956144427328), (4, 0.9000376926775521, 0.07199025068740816)]","[1, 0, 0, 1, 0]",0.6011567485013811,0.7122998273801865,0.414743999308679,0.5562289770062812,0.8447123409803766,0.44874080325057863,0.5287265587083821,0.36050438555726716,0.3389030681989278,0.9280097493125918,0.9000376926775521,1.0671671228984623,0.6663242377459493,0.6807224568948578,0.6807224568948578,0.6807224568948578,0.6807224568948578
24,"[(0, 0.0708089270590726, 0.43458775374134095), (1, 0.2462497710209618, 0.44568579117984464), (2, 0.25608781709102313, 0.8614862992115147), (3, 0.5604352660118785, 0.7442839657199807), (4, 0.9265221867221619, 0.49491787839107704)]","[1, 0, 1, 1, 1]",0.40380766235124843,0.565412246258659,0.0708089270590726,0.5543142088201554,0.2462497710209618,0.13851370078848535,0.25608781709102313,0.2557160342800193,0.5604352660118785,0.505082121608923,0.9265221867221619,1.2368142396511175,0.875675377251447,0.9820991891987865,0.9820991891987864,0.8929262875511781,0.8929262875511781
25,"[(0, 0.07479375687311074, 0.7660007358222142), (1, 0.9720936675938755, 0.4152931888911857), (2, 0.9448761164870545, 0.4294663778527732), (3, 0.6216139516087312, 0.9194541565274987), (4, 0.20375408711879672, 0.039740932475050506)]","[1, 1, 1, 0, 0]",0.4860089216862555,0.23399926417778583,0.07479375687311074,0.5847068111088143,0.9720936675938755,0.5705336221472268,0.9448761164870545,0.08054584347250127,0.6216139516087312,0.9602590675249495,0.20375408711879672,1.4464313841628247,0.9773380548294217,1.1251756919320015,1.1442867762030189,1.1437275451371927,1.1437275451371927
26,"[(0, 0.7416689356145733, 0.9408038831472155), (1, 0.7474033968541627, 0.9081425629614371), (2, 0.11097728168000565, 0.579773181999968), (3, 0.4318673124107113, 0.26549257874510634), (4, 0.8604091679690017, 0.32940149633680194)]","[1, 1, 1, 1, 1]",0.3952772593618942,0.059196116852784475,0.7416689356145733,0.09185743703856286,0.7474033968541627,0.42022681800003203,0.11097728168000565,0.7345074212548937,0.4318673124107113,0.6705985036631981,0.8604091679690017,1.8389331365889299,1.3765138510210762,1.5784841405282597,1.5900579718544827,1.580025266500422,1.580025266500422
27,"[(0, 0.6842409524120733, 0.09583730847680416), (1, 0.16691480626669286, 0.605123857741188), (2, 0.32803603202013143, 0.9146223207791904), (3, 0.7880511194077156, 0.8646959554344813), (4, 0.41453267235172464, 0.8288422184314298)]","[0, 0, 1, 1, 1]",0.33817566782738123,0.9041626915231958,0.6842409524120733,0.39487614225881196,0.16691480626669286,0.08537767922080963,0.32803603202013143,0.1353040445655187,0.7880511194077156,0.1711577815685702,0.41453267235172464,1.4916158150082315,1.0250067953917796,1.2443493119581222,1.2443493119581226,1.2541933117594493,1.254193311759449
28,"[(0, 0.909769237923872, 0.2940790407586785), (1, 0.4594338793312195, 0.1363587105435612), (2, 0.9950607203462696, 0.15464399620754732), (3, 0.6739395534640641, 0.5980255545416808), (4, 0.7146237169889224, 0.4105259240114544)]","[0, 0, 0, 1, 1]",0.6812733547874156,0.7059209592413215,0.909769237923872,0.8636412894564388,0.4594338793312195,0.8453560037924527,0.9950607203462696,0.4019744454583192,0.6739395534640641,0.5894740759885456,0.7146237169889224,1.1804766793548425,0.6964046369252972,0.6964046369252972,0.7075556764555438,0.6964046369252971,0.6964046369252971
29,"[(0, 0.32375334582076565, 0.6200294852155447), (1, 0.008479999489567791, 0.9828577872722256), (2, 0.822158506189751, 0.9990197882001745), (3, 0.2633503011371503, 0.19948865109855252), (4, 0.05473797466206287, 0.19380237538183753)]","[0, 1, 1, 1, 0]",0.400960382566333,0.3799705147844553,0.32375334582076565,0.017142212727774386,0.008479999489567791,0.0009802117998255477,0.822158506189751,0.8005113489014475,0.2633503011371503,0.8061976246181625,0.05473797466206287,1.093567616454449,1.0220892370667163,1.055601160253599,1.0556014956734157,1.0238158857582755,1.0238158857582755
30,"[(0, 0.07342665480233157, 0.5943619291362376), (1, 0.9894469617774092, 0.3439841546037822), (2, 0.5439742924257337, 0.37434043218889557), (3, 0.7396024817061558, 0.685463815820864), (4, 0.59872749543935, 0.9760813786842278)]","[1, 1, 0, 0, 1]",0.4051536579131986,0.40563807086376236,0.07342665480233157,0.6560158453962178,0.9894469617774092,0.6256595678111044,0.5439742924257337,0.314536184179136,0.7396024817061558,0.02391862131577216,0.59872749543935,1.679005155102393,1.0913774985054778,1.3069716374808271,1.309532213734925,1.309532213734925,1.309532213734925
31,"[(0, 0.27981547357298786, 0.5021404436247346), (1, 0.5641478164727687, 0.46096185816572743), (2, 0.5867365604164771, 0.4872337833364674), (3, 0.5178992785551113, 0.20223217048411235), (4, 0.11039453016296663, 0.25510242142972195)]","[1, 0, 0, 0, 0]",0.6184658645918473,0.49785955637526536,0.27981547357298786,0.5390381418342726,0.5641478164727687,0.5127662166635326,0.5867365604164771,0.7977678295158876,0.5178992785551113,0.744897578570278,0.11039453016296663,0.8193329730995018,0.5459284999149712,0.5459284999149712,0.5459284999149712,0.5459284999149712,0.5459284999149712
32,"[(0, 0.8597284451918654, 0.515279828513122), (1, 0.11361078410798153, 0.12061506360762475), (2, 0.3091212301094879, 0.8754126344337226), (3, 0.9336482377098015, 0.35141234189347925), (4, 0.4416644409424795, 0.45671696606312406)]","[0, 0, 1, 0, 1]",0.5361126330977855,0.48472017148687796,0.8597284451918654,0.8793849363923752,0.11361078410798153,0.12458736556627736,0.3091212301094879,0.6485876581065207,0.9336482377098015,0.5432830339368759,0.4416644409424795,1.2571236853710896,0.7710962395246386,0.8605611268500363,0.8963581671538122,0.8803748179427466,0.8803748179427467
33,"[(0, 0.45084513414500904, 0.4366195682760844), (1, 0.04163444585203002, 0.7676272579584664), (2, 0.6734553564483233, 0.670857540712527), (3, 0.472665488047444, 0.672731114024884), (4, 0.8824812534975449, 0.6920224414883532)]","[0, 1, 1, 0, 1]",0.352028415507937,0.5633804317239156,0.45084513414500904,0.23237274204153358,0.04163444585203002,0.329142459287473,0.6734553564483233,0.32726888597511605,0.472665488047444,0.30797755851164677,0.8824812534975449,1.6092737594907276,1.062489435819674,1.1279488944085916,1.1279488944085916,1.109844253072501,1.109844253072501
34,"[(0, 0.37055664109630704, 0.9501854359331919), (1, 0.20004646411996818, 0.2969741229173981), (2, 0.41812132181289163, 0.2373052036883777), (3, 0.30138213748191134, 0.8407638105615242), (4, 0.4897196459101957, 0.08318062375973012)]","[1, 0, 1, 1, 0]",0.5183181606279555,0.049814564066808065,0.37055664109630704,0.7030258770826019,0.20004646411996818,0.7626947963116223,0.41812132181289163,0.15923618943847584,0.30138213748191134,0.9168193762402699,0.4897196459101957,0.8048548921807234,0.6054887179025028,0.672133060917395,0.6729201206373173,0.6729201206373173,0.6729201206373174
35,"[(0, 0.799115369116727, 0.3259061440625364), (1, 0.24049351508267347, 0.8225558693681814), (2, 0.11506253698710345, 0.47623677516761054), (3, 0.5578947290755706, 0.6113330665067622), (4, 0.14547146525897703, 0.6306505848550839)]","[0, 1, 0, 0, 0]",0.4266635120079651,0.6740938559374636,0.799115369116727,0.17744413063181863,0.24049351508267347,0.5237632248323895,0.11506253698710345,0.3886669334932378,0.5578947290755706,0.36934941514491615,0.14547146525897703,0.945854132702551,0.6014961041236708,0.6619106097510583,0.6815507200419691,0.6619106097510582,0.6619106097510582
36,"[(0, 0.8144781454478104, 0.09602294340888373), (1, 0.924394314473909, 0.7304221233100424), (2, 0.2573400195196166, 0.4274837963306113), (3, 0.03414632868406531, 0.14729116771514428), (4, 0.651447537546693, 0.7721889738983578)]","[0, 0, 0, 0, 1]",0.5653181990673921,0.9039770565911163,0.8144781454478104,0.2695778766899576,0.924394314473909,0.5725162036693887,0.2573400195196166,0.8527088322848557,0.03414632868406531,0.22781102610164217,0.651447537546693,1.3714853935057647,1.1782386635205566,1.1782386635205566,1.1782386635205566,1.1114335187726085,1.1114335187726085
37,"[(0, 0.14533616183328069, 0.34951125529301497), (1, 0.16293583244763643, 0.24589320811419357), (2, 0.6923807821755754, 0.15502066959558725), (3, 0.35091893397074614, 0.2005443730197577), (4, 0.9744094813299214, 0.4910757744119296)]","[0, 1, 0, 1, 0]",0.7115909439131034,0.650488744706985,0.14533616183328069,0.7541067918858064,0.16293583244763643,0.8449793304044128,0.6923807821755754,0.7994556269802423,0.35091893397074614,0.5089242255880704,0.9744094813299214,0.7470784796194417,0.585842223106392,0.585842223106392,0.585842223106392,0.585842223106392,0.585842223106392
38,"[(0, 0.27149111325994557, 0.5419065944744416), (1, 0.7081303437270102, 0.958595711147743), (2, 0.36907866869225125, 0.5327915951705398), (3, 0.37472229469470686, 0.5500903186325748), (4, 0.8415099527809491, 0.9928062363216612)]","[1, 1, 0, 1, 1]",0.2847619088506079,0.45809340552555844,0.27149111325994557,0.041404288852257,0.7081303437270102,0.46720840482946024,0.36907866869225125,0.44990968136742515,0.37472229469470686,0.007193763678338794,0.8415099527809491,2.0641629832180386,1.514267039477962,1.7739134861933126,1.7895028771324435,1.7169153145494442,1.7169153145494447
39,"[(0, 0.5059404137702477, 0.45328471316462604), (1, 0.5579708258176688, 0.38422087936791494), (2, 0.8345211373072241, 0.1594087567094734), (3, 0.4503376757564882, 0.7629313308195191), (4, 0.6060934588419865, 0.9058727273132681)]","[0, 1, 0, 1, 1]",0.4668563185250397,0.546715286835374,0.5059404137702477,0.6157791206320851,0.5579708258176688,0.8405912432905266,0.8345211373072241,0.23706866918048086,0.4503376757564882,0.09412727268673193,0.6060934588419865,1.4693693304884545,0.8926202568509889,1.0187780589830815,1.0295543360859556,1.0238955852626797,1.0238955852626797
40,"[(0, 0.14472055263366845, 0.4898973255114567), (1, 0.5051001481125371, 0.9688489275020787), (2, 0.8119872598320187, 0.7901674894018722), (3, 0.6800447423803836, 0.15658716680895068), (4, 0.913124718020646, 0.433483090039801)]","[1, 1, 0, 0, 1]",0.4322032001471682,0.5101026744885433,0.14472055263366845,0.03115107249792126,0.5051001481125371,0.2098325105981278,0.8119872598320187,0.8434128331910493,0.6800447423803836,0.566516909960199,0.913124718020646,1.7041802868614975,1.1309716713077447,1.4363060377835182,1.4476288486620992,1.4388933452400547,1.4388933452400547
41,"[(0, 0.49615616980041266, 0.8567640368634462), (1, 0.08869422322595288, 0.3784220370233017), (2, 0.049161322058424495, 0.6497929261044665), (3, 0.18918581436453563, 0.30895576687692106), (4, 0.8186494184814271, 0.054617199380894155)]","[1, 0, 1, 1, 0]",0.5502896067501941,0.14323596313655385,0.49615616980041266,0.6215779629766983,0.08869422322595288,0.3502070738955335,0.049161322058424495,0.6910442331230789,0.18918581436453563,0.9453828006191058,0.8186494184814271,0.5937596777612623,0.48353881131213694,0.48700211626610423,0.4914278502291606,0.483538811312137,0.4835388113121369
42,"[(0, 0.731531130400211, 0.9140617905177463), (1, 0.037329945632323724, 0.004391525102443672), (2, 0.9934501399203828, 0.31851836169593895), (3, 0.19663251534337256, 0.49872437755874544), (4, 0.551443656938439, 0.7392757413295123)]","[1, 0, 0, 0, 1]",0.5050056407591226,0.08593820948225372,0.731531130400211,0.9956084748975563,0.037329945632323724,0.681481638304061,0.9934501399203828,0.5012756224412546,0.19663251534337256,0.26072425867048765,0.551443656938439,1.4909950483675023,1.0763335731577095,1.2551262442107518,1.2622162777686765,1.2622162777686765,1.2622162777686765
43,"[(0, 0.1995887063541001, 0.6150526018449698), (1, 0.10711032391244868, 0.9051778908486029), (2, 0.19207672940582987, 0.46122114194450936), (3, 0.7712369847794612, 0.9079002465766732), (4, 0.5822182612306354, 0.6812220765393857)]","[0, 1, 1, 1, 1]",0.2858852084491718,0.3849473981550302,0.1995887063541001,0.0948221091513971,0.10711032391244868,0.5387788580554906,0.19207672940582987,0.09209975342332677,0.7712369847794612,0.3187779234606143,0.5822182612306354,1.405127480271672,1.0968261815650069,1.1727978047708296,1.1778108925049726,1.1778108925049726,1.1778108925049726
44,"[(0, 0.7915259359614659, 0.031033736141028556), (1, 0.8377419709538758, 0.31747977244224945), (2, 0.01201814985767613, 0.06968006273885696), (3, 0.5022333095999482, 0.6315916054226252), (4, 0.821377968203548, 0.8171021370471873)]","[0, 0, 0, 1, 1]",0.6266225372416105,0.9689662638589714,0.7915259359614659,0.6825202275577505,0.8377419709538758,0.930319937261143,0.01201814985767613,0.36840839457737484,0.5022333095999482,0.18289786295281274,0.821377968203548,1.2797235982348,0.9883560354495453,1.0675981042695832,1.0855191968364335,1.0855191968364335,1.0855191968364335
45,"[(0, 0.14595480067964695, 0.1891753217214741), (1, 0.8391074673326991, 0.5405467681749742), (2, 0.2808614503900623, 0.3354329067819446), (3, 0.5433071159217955, 0.32777190119640853), (4, 0.7098995812847562, 0.1224371932122491)]","[0, 1, 0, 0, 1]",0.6969271817825898,0.8108246782785259,0.14595480067964695,0.45945323182502584,0.8391074673326991,0.6645670932180554,0.2808614503900623,0.6722280988035915,0.5433071159217955,0.8775628067877509,0.7098995812847562,0.8403969672151564,0.6316576359374027,0.6316576359374027,0.6316576359374027,0.6316576359374028,0.6316576359374028
46,"[(0, 0.3974888769814575, 0.18951156983381545), (1, 0.9024393199755313, 0.6255373657823495), (2, 0.5266718772682599, 0.6967267022119024), (3, 0.8524812187357209, 0.686028163611736), (4, 0.13550672102050088, 0.9917405840162875)]","[0, 0, 1, 0, 1]",0.36209112290878187,0.8104884301661845,0.3974888769814575,0.37446263421765047,0.9024393199755313,0.30327329778809764,0.5266718772682599,0.313971836388264,0.8524812187357209,0.008259415983712493,0.13550672102050088,1.7259982559067766,1.14933563999867,1.3217194618045893,1.3237582621904431,1.2853381302844449,1.2853381302844447
47,"[(0, 0.08109066462388448, 0.6068027891459296), (1, 0.9977278505176124, 0.14058674383373293), (2, 0.852286041264829, 0.14957274382605135), (3, 0.41602137933992156, 0.895906427579022), (4, 0.29969575027896733, 0.6813356007212419)]","[1, 0, 1, 1, 0]",0.5051591389788045,0.39319721085407044,0.08109066462388448,0.8594132561662671,0.9977278505176124,0.8504272561739487,0.852286041264829,0.10409357242097805,0.41602137933992156,0.3186643992787581,0.29969575027896733,0.8938617247314443,0.5769096118108498,0.6412753744870286,0.6459281695971739,0.6459281695971739,0.6459281695971738
48,"[(0, 0.20367044742105156, 0.09269342184833151), (1, 0.6594800023332608, 0.5861294218137865), (2, 0.6344092107298325, 0.35484694544207973), (3, 0.45126484018795465, 0.8883693290473246), (4, 0.817919070323204, 0.26472725338019576)]","[1, 0, 0, 1, 0]",0.5626467256936565,0.9073065781516685,0.20367044742105156,0.41387057818621353,0.6594800023332608,0.6451530545579203,0.6344092107298325,0.11163067095267543,0.45126484018795465,0.7352727466198042,0.817919070323204,1.247953026028355,0.7874304757657702,0.8614995822356106,0.8719001881179792,0.8719001881179793,0.8719001881179793
49,"[(0, 0.08352052115358566, 0.17237430786719632), (1, 0.6838115504274314, 0.16135967077501234), (2, 0.9492090229614164, 0.8443280218706307), (3, 0.7423665407308787, 0.465445648566438), (4, 0.8270063195791475, 0.24367290875238423)]","[0, 0, 0, 0, 1]",0.6225638884336677,0.8276256921328037,0.08352052115358566,0.8386403292249877,0.6838115504274314,0.15567197812936928,0.9492090229614164,0.534554351433562,0.7423665407308787,0.7563270912476158,0.8270063195791475,1.4732304868474062,1.1469750527232736,1.172380240151183,1.1891496735495866,1.1469750527232734,1.1469750527232736
50,"[(0, 0.4210446142866463, 0.5649147298193439), (1, 0.5581404476760522, 0.5888501276518571), (2, 0.8007815763630793, 0.966876781563112), (3, 0.672610489742574, 0.8088051832800123), (4, 0.5702748263081099, 0.47149733572375285)]","[1, 1, 1, 0, 1]",0.3198111683923844,0.4350852701806561,0.4210446142866463,0.41114987234814293,0.5581404476760522,0.033123218436888036,0.8007815763630793,0.19119481671998773,0.672610489742574,0.5285026642762471,0.5702748263081099,2.1536664033392094,1.3182679637212709,1.5572664475619413,1.5946146132247465,1.5593478540930168,1.5593478540930168
51,"[(0, 0.9123433593597492, 0.4943497473001628), (1, 0.5658014545064803, 0.35329490067909874), (2, 0.11361649700856724, 0.3553800593899251), (3, 0.17284269922539552, 0.12189177265650175), (4, 0.16107466505215684, 0.032970053106801234)]","[0, 0, 0, 0, 0]",0.7284226933735021,0.5056502526998372,0.9123433593597492,0.6467050993209013,0.5658014545064803,0.6446199406100749,0.11361649700856724,0.8781082273434982,0.17284269922539552,0.9670299468931988,0.16107466505215684,0.717667258539258,0.6509114778244303,0.6509114778244303,0.6509114778244303,0.6509114778244303,0.6509114778244303
52,"[(0, 0.5468015535366331, 0.12411890047615548), (1, 0.2800936125404725, 0.43070221579630796), (2, 0.01689478522000265, 0.49819521882313955), (3, 0.9520298935871309, 0.4285593300693866), (4, 0.8340256979617053, 0.9600263501514082)]","[0, 1, 1, 1, 1]",0.5116795969367204,0.8758810995238445,0.5468015535366331,0.569297784203692,0.2800936125404725,0.5018047811768604,0.01689478522000265,0.5714406699306134,0.9520298935871309,0.03997364984859175,0.8340256979617053,1.4056101885232308,1.208687940148387,1.2420120841692777,1.244767741814978,1.208687940148387,1.208687940148387
53,"[(0, 0.7601614783097744, 0.5138166023032497), (1, 0.9971021841193884, 0.5392210616440857), (2, 0.9355556060695936, 0.12832266797844005), (3, 0.4939738141647467, 0.13950047497386375), (4, 0.012864571818234527, 0.08480848096926208)]","[0, 1, 0, 0, 0]",0.7188661424262197,0.48618339769675034,0.7601614783097744,0.4607789383559143,0.9971021841193884,0.87167733202156,0.9355556060695936,0.8604995250261362,0.4939738141647467,0.9151915190307379,0.012864571818234527,1.1182956841833314,0.9282420862754369,0.9282420862754369,0.9282420862754369,0.9282420862754368,0.9282420862754369
54,"[(0, 0.37059431012468647, 0.9076251363260938), (1, 0.3960266182144222, 0.20605342906715252), (2, 0.8177976410154968, 0.7587840933063348), (3, 0.6982828519244927, 0.021813527989204995), (4, 0.40723042669364684, 0.31450434093874435)]","[1, 0, 1, 0, 1]",0.5582438944744939,0.09237486367390624,0.37059431012468647,0.7939465709328475,0.3960266182144222,0.24121590669366522,0.8177976410154968,0.978186472010795,0.6982828519244927,0.6854956590612556,0.40723042669364684,1.181802944971872,0.9568925527945964,0.9877756819910883,0.9994913664876931,0.9906295022552647,0.9906295022552647
55,"[(0, 0.19453724793318106, 0.8060773014660808), (1, 0.3720598512660668, 0.8420269922666357), (2, 0.7962952185492609, 0.5743478091211448), (3, 0.5578984824846791, 0.041591905180849764), (4, 0.8882346432135466, 0.8150630762603065)]","[1, 1, 1, 0, 1]",0.38417858314099645,0.1939226985339192,0.19453724793318106,0.1579730077333643,0.3720598512660668,0.4256521908788552,0.7962952185492609,0.9584080948191502,0.5578984824846791,0.1849369237396935,0.8882346432135466,1.6746182330634176,1.1813176749260204,1.3367741603184784,1.3670471668503072,1.3236710031467471,1.3236710031467471
56,"[(0, 0.35639820676272216, 0.8311602774491931), (1, 0.35237864716479084, 0.0587248129543273), (2, 0.4733305296443464, 0.7281813831416379), (3, 0.6784899127202754, 0.06465340992924462), (4, 0.49701684646407485, 0.19592491833566006)]","[1, 0, 1, 0, 0]",0.6242710396379874,0.16883972255080693,0.35639820676272216,0.9412751870456727,0.35237864716479084,0.27181861685836206,0.4733305296443464,0.9353465900707554,0.6784899127202754,0.8040750816643399,0.49701684646407485,0.802832553833617,0.6408945121748832,0.6416370516752167,0.6492352288891572,0.6461060954840029,0.6461060954840029
57,"[(0, 0.40397807494366633, 0.20007544457494542), (1, 0.17880232058661227, 0.24843131850096878), (2, 0.7598774365080779, 0.2511510083752201), (3, 0.3830675820321783, 0.6843086384273186), (4, 0.5386291301983318, 0.938376856028435)]","[0, 0, 0, 0, 1]",0.5355313468186225,0.7999245554250546,0.40397807494366633,0.7515686814990312,0.17880232058661227,0.7488489916247799,0.7598774365080779,0.3156913615726814,0.3830675820321783,0.061623143971564986,0.5386291301983318,1.083663738864757,0.7675735652469263,0.8739683321994993,0.8776809908858515,0.8776809908858515,0.8776809908858515
58,"[(0, 0.1456692551041303, 0.45492700451402135), (1, 0.7707838056590222, 0.705513226934028), (2, 0.7319589730332557, 0.43351443489540376), (3, 0.8000204571334277, 0.5329014146425713), (4, 0.08015370917850195, 0.45594588118356716)]","[1, 1, 0, 1, 0]",0.48343960756608173,0.5450729954859787,0.1456692551041303,0.29448677306597204,0.7707838056590222,0.5664855651045962,0.7319589730332557,0.46709858535742865,0.8000204571334277,0.5440541188164328,0.08015370917850195,1.390259615345354,0.9701302033483876,0.9701302033483876,1.0075296082782241,1.0075296082782244,1.0075296082782244
59,"[(0, 0.5811521325045647, 0.1947544955341367), (1, 0.9652511070611112, 0.9239764016767943), (2, 0.46713867819697397, 0.6634706445300605), (3, 0.21452296973796803, 0.22169624952624067), (4, 0.28852243338125616, 0.6924227459953175)]","[1, 1, 1, 0, 0]",0.4607358925474901,0.8052455044658633,0.5811521325045647,0.07602359832320571,0.9652511070611112,0.33652935546993945,0.46713867819697397,0.7783037504737593,0.21452296973796803,0.3075772540046825,0.28852243338125616,1.562322468350888,1.2018020445251345,1.3007109055087647,1.3058220985950704,1.2390215957150466,1.2390215957150468
60,"[(0, 0.1481712063870836, 0.6159652870762236), (1, 0.1696858223856672, 0.7125069473752076), (2, 0.6078324927574713, 0.38433747211697056), (3, 0.6174976336144677, 0.5662524370946997), (4, 0.04322225395067769, 0.5301182608529079)]","[0, 1, 0, 1, 0]",0.4381639190967981,0.38403471292377644,0.1481712063870836,0.2874930526247924,0.1696858223856672,0.6156625278830294,0.6078324927574713,0.43374756290530025,0.6174976336144677,0.4698817391470921,0.04322225395067769,0.8183558967653554,0.5832723436713657,0.5832723436713657,0.5832723436713657,0.5832723436713657,0.5832723436713657
61,"[(0, 0.9790501200727744, 0.45629827629184827), (1, 0.7188470341002364, 0.7348862425853395), (2, 0.21490166849706338, 0.07803796911512406), (3, 0.6027432362671394, 0.12191950272268226), (4, 0.382226634481309, 0.8897028218070439)]","[1, 0, 0, 0, 1]",0.5438310374955924,0.5437017237081517,0.9790501200727744,0.2651137574146605,0.7188470341002364,0.9219620308848759,0.21490166849706338,0.8780804972773177,0.6027432362671394,0.11029717819295615,0.382226634481309,1.4053344387480147,0.9750096780760722,1.1666542794206247,1.1901983521665374,1.171581829856795,1.171581829856795
62,"[(0, 0.9599609301949554, 0.8718636870225728), (1, 0.7319052947366839, 0.22762240760795194), (2, 0.3306423277165249, 0.7138106236242713), (3, 0.8067094148524617, 0.016723259631372334), (4, 0.16669374037482987, 0.8954049583306892)]","[1, 1, 1, 0, 1]",0.4549150127566285,0.12813631297742722,0.9599609301949554,0.7723775923920481,0.7319052947366839,0.2861893763757287,0.3306423277165249,0.9832767403686277,0.8067094148524617,0.10459504166931077,0.16669374037482987,1.402318340116239,1.0729710821413059,1.2069332252382003,1.2075722338785526,1.154502110394513,1.154502110394513
63,"[(0, 0.8780993490764925, 0.3491186468357038), (1, 0.7907236599059974, 0.95158749075222), (2, 0.31221875938800536, 0.7683219579642596), (3, 0.33469869414518605, 0.1637885484830508), (4, 0.3483030659381373, 0.7512281379797415)]","[0, 1, 1, 0, 0]",0.40319104359700486,0.6508813531642962,0.8780993490764925,0.048412509247779956,0.7907236599059974,0.23167804203574038,0.31221875938800536,0.8362114515169492,0.33469869414518605,0.24877186202025847,0.3483030659381373,1.615363005441976,1.0590035999452572,1.2836052627209782,1.2844606453467908,1.2469404889317424,1.2469404889317421
64,"[(0, 0.7106837330624928, 0.9011075606885323), (1, 0.016763676370652125, 0.942063231221443), (2, 0.821003477842379, 0.05668495560658604), (3, 0.806327560985109, 0.8044961993684296), (4, 0.1877080113419508, 0.971331197724468)]","[1, 1, 0, 0, 1]",0.2648633710781082,0.09889243931146774,0.7106837330624928,0.057936768778557024,0.016763676370652125,0.943315044393414,0.821003477842379,0.19550380063157036,0.806327560985109,0.028668802275532035,0.1877080113419508,1.533747579681989,1.2890899433794987,1.435026291715356,1.435026291715356,1.395891844796723,1.3958918447967232
65,"[(0, 0.24648195966935815, 0.5812899303907797), (1, 0.9722810069256511, 0.6577925639247865), (2, 0.4825202358007319, 0.30898383972761845), (3, 0.13781659621412856, 0.9987396936415255), (4, 0.7543297791773647, 0.2501153818936084)]","[1, 0, 0, 1, 1]",0.4406157180843363,0.4187100696092203,0.24648195966935815,0.34220743607521353,0.9722810069256511,0.6910161602723816,0.4825202358007319,0.0012603063584745167,0.13781659621412856,0.7498846181063916,0.7543297791773647,1.2582400386580517,0.828228697193665,0.9295916175998189,0.9350419105596487,0.9296729881446802,0.9296729881446802
66,"[(0, 0.13052022990067025, 0.8156343630325157), (1, 0.8804406423999211, 0.385092248978278), (2, 0.2765627457062465, 0.1958816868813127), (3, 0.08091210051955855, 0.21482839569698708), (4, 0.20201072626696892, 0.8538398021292036)]","[1, 0, 1, 0, 1]",0.5069447006563406,0.18436563696748431,0.13052022990067025,0.614907751021722,0.8804406423999211,0.8041183131186873,0.2765627457062465,0.7851716043030129,0.08091210051955855,0.14616019787079637,0.20201072626696892,0.6895482440998788,0.5115356656174309,0.5706324357459989,0.5706324357459989,0.5428905389417553,0.5428905389417553
67,"[(0, 0.27958303860586786, 0.45927897430988984), (1, 0.547230743302136, 0.10150058737142953), (2, 0.5022148303541587, 0.9563701026049917), (3, 0.5626813390594325, 0.518872753367901), (4, 0.7899304496901801, 0.4509814940838903)]","[0, 1, 0, 1, 0]",0.5025992176523795,0.5407210256901102,0.27958303860586786,0.8984994126285705,0.547230743302136,0.04362989739500833,0.5022148303541587,0.48112724663209905,0.5626813390594325,0.5490185059161097,0.7899304496901801,1.3124581320039133,0.836547263259192,0.9733551752918481,0.9808332830645315,0.9803486748779497,0.9803486748779497
68,"[(0, 0.9342619627039729, 0.388034729619686), (1, 0.821641196311672, 0.2477634579796818), (2, 0.48206127221520034, 0.2736241939521099), (3, 0.5420205495420579, 0.07499160278082273), (4, 0.4167463816791773, 0.31605095226599844)]","[1, 0, 0, 0, 1]",0.7399070126803402,0.611965270380314,0.9342619627039729,0.7522365420203182,0.821641196311672,0.7263758060478901,0.48206127221520034,0.9250083972191773,0.5420205495420579,0.6839490477340016,0.4167463816791773,0.870362459687363,0.5660987521085357,0.5660987521085357,0.5660987521085357,0.5660987521085357,0.5660987521085357
69,"[(0, 0.827170565342314, 0.21276311517617263), (1, 0.9425194436011797, 0.49391971673226975), (2, 0.3975871534419906, 0.6171646774684565), (3, 0.16962941460111325, 0.19361217094892524), (4, 0.42164500474248356, 0.22970448570930002)]","[0, 0, 1, 0, 0]",0.6505671667929752,0.7872368848238274,0.827170565342314,0.5060802832677302,0.9425194436011797,0.3828353225315435,0.3975871534419906,0.8063878290510748,0.16962941460111325,0.7702955142907,0.42164500474248356,1.01659313836603,0.710905683917779,0.710905683917779,0.710905683917779,0.710905683917779,0.710905683917779
70,"[(0, 0.48124663407330837, 0.6660875572249376), (1, 0.6198336951349463, 0.6994432022048044), (2, 0.9022625939618647, 0.7518134911623262), (3, 0.16257679732510133, 0.22092305515921762), (4, 0.45479362478218877, 0.39012761112600725)]","[1, 0, 1, 1, 0]",0.4543210166245414,0.3339124427750624,0.48124663407330837,0.3005567977951956,0.6198336951349463,0.2481865088376738,0.9022625939618647,0.7790769448407824,0.16257679732510133,0.6098723888739928,0.45479362478218877,1.645768563338558,1.1118716552712693,1.1913159611053128,1.2131200316426922,1.2011029187166726,1.2011029187166726
71,"[(0, 0.030555320187374058, 0.8676180378489101), (1, 0.7220760082799892, 0.017873901712747386), (2, 0.5499363493014162, 0.23867663321247412), (3, 0.8817603143390492, 0.8535490264590322), (4, 0.3016501898039614, 0.5985209368022214)]","[1, 0, 1, 1, 1]",0.484752292792923,0.13238196215108988,0.030555320187374058,0.9821260982872526,0.7220760082799892,0.7613233667875259,0.5499363493014162,0.1464509735409678,0.8817603143390492,0.4014790631977786,0.3016501898039614,1.103843230942706,0.9331696120623405,0.9737836168486126,0.9815011320656766,0.9331696120623407,0.9331696120623407
72,"[(0, 0.2409355011784946, 0.09788722795509186), (1, 0.665926091097012, 0.24347413052833067), (2, 0.6242650378325879, 0.1535393336315758), (3, 0.9808182383376035, 0.6747377851400587), (4, 0.29416638301047937, 0.06364848865198969)]","[0, 0, 0, 1, 0]",0.7533426068185907,0.9021127720449081,0.2409355011784946,0.7565258694716693,0.665926091097012,0.8464606663684242,0.6242650378325879,0.32526221485994133,0.9808182383376035,0.9363515113480103,0.29416638301047937,0.9620878937223426,0.8239309017868637,0.8239309017868637,0.8239309017868637,0.8239309017868637,0.8239309017868637
73,"[(0, 0.8959023750070165, 0.19693499637681267), (1, 0.11337863309189022, 0.11224065970269159), (2, 0.754303968495609, 0.8580029722220581), (3, 0.9914448879064851, 0.678457453228653), (4, 0.6400058812215956, 0.6873172546879811)]","[1, 0, 1, 1, 1]",0.49340933275636073,0.8030650036231873,0.8959023750070165,0.8877593402973084,0.11337863309189022,0.14199702777794188,0.754303968495609,0.32154254677134697,0.9914448879064851,0.3126827453120189,0.6400058812215956,1.9488955294095245,1.3198482205937276,1.5366883839825753,1.5665541986637181,1.5567727863280176,1.5567727863280176
74,"[(0, 0.8213575314395892, 0.5998051803277704), (1, 0.7221340410273205, 0.008729970103842355), (2, 0.6462661409410412, 0.7376243407441782), (3, 0.480718254800948, 0.4838352721613707), (4, 0.2459494044937628, 0.4078498175901054)]","[0, 0, 1, 1, 1]",0.5524310838145465,0.4001948196722296,0.8213575314395892,0.9912700298961576,0.7221340410273205,0.26237565925582185,0.6462661409410412,0.5161647278386293,0.480718254800948,0.5921501824098946,0.2459494044937628,1.308559214408482,0.9693561384156149,0.9693561384156149,0.9799076606992044,0.967422012878774,0.9674220128787739
75,"[(0, 0.24010303006625622, 0.1644024492039241), (1, 0.3998483109704457, 0.15865520058981242), (2, 0.4066565536092135, 0.11734579291890013), (3, 0.5272421162412383, 0.5662541935669939), (4, 0.3488241170108176, 0.8105555598126476)]","[0, 0, 0, 1, 1]",0.6365573607815443,0.8355975507960759,0.24010303006625622,0.8413447994101876,0.3998483109704457,0.8826542070810999,0.4066565536092135,0.4337458064330061,0.5272421162412383,0.1894444401873524,0.3488241170108176,0.7319253627022235,0.5812943867865934,0.5812943867865934,0.5812943867865934,0.5590647280216582,0.5590647280216582
76,"[(0, 0.7109822677962845, 0.18253855639823258), (1, 0.09901571052238178, 0.36227312903052133), (2, 0.7680565716176476, 0.3037592867908604), (3, 0.8858031185441755, 0.6078111566163884), (4, 0.5078245324484781, 0.6081819336267571)]","[0, 1, 0, 1, 1]",0.587087187507448,0.8174614436017674,0.7109822677962845,0.6377268709694787,0.09901571052238178,0.6962407132091396,0.7680565716176476,0.3921888433836116,0.8858031185441755,0.3918180663732429,0.5078245324484781,1.2462074485763674,0.8472507241043584,0.8472507241043582,0.8482176321528023,0.8472507241043584,0.8472507241043584
77,"[(0, 0.9263128585070141, 0.17981894864531622), (1, 0.7840890879298472, 0.5386455257634712), (2, 0.9781985488110166, 0.5532372501169462), (3, 0.432704538915471, 0.07929752695522041), (4, 0.4280815096994405, 0.9638987946757774)]","[0, 1, 1, 0, 1]",0.5370203907686537,0.8201810513546838,0.9263128585070141,0.46135447423652876,0.7840890879298472,0.44676274988305376,0.9781985488110166,0.9207024730447796,0.432704538915471,0.03610120532422256,0.4280815096994405,1.5770302096199098,0.9635219542259674,1.256315825680159,1.265329354818925,1.2631277078043839,1.2631277078043839
78,"[(0, 0.5149379540077491, 0.1886481713153758), (1, 0.9529195271072769, 0.6352690810997838), (2, 0.5896618565242374, 0.9404242818240754), (3, 0.09123847868402024, 0.7928524256786783), (4, 0.22314811392015454, 0.25117394866717546)]","[0, 1, 1, 1, 0]",0.4383264182829823,0.8113518286846242,0.5149379540077491,0.36473091890021625,0.9529195271072769,0.05957571817592455,0.5896618565242374,0.2071475743213217,0.09123847868402024,0.7488260513328245,0.22314811392015454,1.3854223857035959,1.1598926402883372,1.1818627401956794,1.1839735512989513,1.183973551298951,1.183973551298951
79,"[(0, 0.08730148686581662, 0.5838080858689522), (1, 0.3977514924534775, 0.9146608574423902), (2, 0.614481186859825, 0.5225245593286709), (3, 0.9381692434139915, 0.2856802432583526), (4, 0.8485933962250535, 0.4221348841363247)]","[1, 1, 1, 0, 1]",0.4542382739930619,0.41619191413104784,0.08730148686581662,0.08533914255760977,0.3977514924534775,0.4774754406713291,0.614481186859825,0.7143197567416474,0.9381692434139915,0.5778651158636753,0.8485933962250535,1.3620938391271498,0.7220285961308014,0.8847585073041762,0.9005924858322752,0.8993550567760213,0.8993550567760213
80,"[(0, 0.5100185067434795, 0.5969980871075791), (1, 0.3022981875355706, 0.9300316428466455), (2, 0.7297377986203935, 0.7610144333556674), (3, 0.4581024570292389, 0.8355451872132815), (4, 0.7338560445240295, 0.5925543096681812)]","[0, 1, 1, 1, 1]",0.25677126796172905,0.40300191289242093,0.5100185067434795,0.06996835715335448,0.3022981875355706,0.23898556664433257,0.7297377986203935,0.16445481278671847,0.4581024570292389,0.40744569033181877,0.7338560445240295,1.9585828152940201,0.9901905591740692,1.3493739144606858,1.3678455000681733,1.3542265661058797,1.3542265661058799
81,"[(0, 0.052363598850944326, 0.08718667752263232), (1, 0.4072417636703983, 0.10770023493843905), (2, 0.9011988779516946, 0.0381536661023224), (3, 0.5362020400339269, 0.33219769850967984), (4, 0.8520866189293687, 0.1596623967219699)]","[0, 0, 0, 0, 0]",0.8550198652409913,0.9128133224773677,0.052363598850944326,0.892299765061561,0.4072417636703983,0.9618463338976776,0.9011988779516946,0.6678023014903202,0.5362020400339269,0.8403376032780301,0.8520866189293687,0.3969807583405931,0.3141712754284486,0.3141712754284486,0.3141712754284486,0.31417127542844864,0.31417127542844864
82,"[(0, 0.9607807567552326, 0.5482553095052894), (1, 0.17707949092525577, 0.9654901181108362), (2, 0.41618902444437444, 0.7875355434727895), (3, 0.03158954021912319, 0.16547511069066134), (4, 0.9680462502768548, 0.8155274273540414)]","[1, 1, 1, 0, 1]",0.3435432981732764,0.45174469049471055,0.9607807567552326,0.03450988188916382,0.17707949092525577,0.21246445652721047,0.41618902444437444,0.8345248893093387,0.03158954021912319,0.18447257264595862,0.9680462502768548,1.8201808500356451,1.316221419209576,1.510267574818934,1.5390576891007999,1.5252678686262313,1.525267868626231
83,"[(0, 0.9000582191556544, 0.22253228596173347), (1, 0.8080467253823205, 0.3009407488048058), (2, 0.7371803386610298, 0.35106846057466856), (3, 0.6075082146080484, 0.6149717541921728), (4, 0.004260331953746643, 0.7087604227640443)]","[0, 1, 0, 0, 1]",0.560345265540515,0.7774677140382665,0.9000582191556544,0.6990592511951942,0.8080467253823205,0.6489315394253314,0.7371803386610298,0.38502824580782724,0.6075082146080484,0.2912395772359557,0.004260331953746643,1.0788869133731411,0.632401159083307,0.632401159083307,0.6460149427324418,0.6324011590833071,0.632401159083307
84,"[(0, 0.5725767393426415, 0.578063894774586), (1, 0.4563472512922634, 0.6451291603987176), (2, 0.47184599101720526, 0.47281378678222297), (3, 0.15704483298453475, 0.13294815954048822), (4, 0.6262789106878864, 0.08833930449275451)]","[1, 0, 0, 0, 1]",0.6165411388022461,0.421936105225414,0.5725767393426415,0.3548708396012824,0.4563472512922634,0.527186213217777,0.47184599101720526,0.8670518404595118,0.15704483298453475,0.9116606955072455,0.6262789106878864,0.9246880137683213,0.6253888590781806,0.6253888590781808,0.6482920641790031,0.624534293678996,0.624534293678996
85,"[(0, 0.04457579487834051, 0.6239028914309799), (1, 0.5640511797555414, 0.09807118045960883), (2, 0.029836142571344815, 0.9401248634087171), (3, 0.408124858340025, 0.2991935363021321), (4, 0.667962550143218, 0.9341962778787684)]","[1, 0, 1, 1, 1]",0.42090225010395876,0.3760971085690201,0.04457579487834051,0.9019288195403912,0.5640511797555414,0.05987513659128285,0.029836142571344815,0.7008064636978679,0.408124858340025,0.06580372212123164,0.667962550143218,0.8572942795359836,0.7461164477257632,0.7574550459231542,0.7609648413895944,0.7471974841831185,0.7471974841831185
86,"[(0, 0.9400340903508457, 0.2366481379096419), (1, 0.5115113285480112, 0.13404215487240145), (2, 0.028775133082431847, 0.15420986204310283), (3, 0.6379797349833973, 0.25161138645637693), (4, 0.6681888742438421, 0.713128834160069)]","[0, 0, 0, 1, 1]",0.7020719249116816,0.7633518620903581,0.9400340903508457,0.8659578451275985,0.5115113285480112,0.8457901379568972,0.028775133082431847,0.7483886135436231,0.6379797349833973,0.286871165839931,0.6681888742438421,0.9324865256147304,0.6989620699413518,0.6989620699413518,0.6989620699413518,0.6989620699413519,0.6989620699413517
87,"[(0, 0.5860977684559575, 0.7820290365842911), (1, 0.27179728482792853, 0.8843693503173411), (2, 0.8883628822472937, 0.955116312196863), (3, 0.6308676170162946, 0.3294010226823678), (4, 0.820026473942281, 0.11187198540397125)]","[1, 1, 1, 0, 0]",0.3874424585630331,0.21797096341570887,0.5860977684559575,0.1156306496826589,0.27179728482792853,0.04488368780313701,0.8883628822472937,0.6705989773176322,0.6308676170162946,0.8881280145960287,0.820026473942281,1.8467509693418156,1.3068353531944266,1.5524518733385764,1.552686957473442,1.552686957473442,1.552686957473442
88,"[(0, 0.5197779418935203, 0.27332168656972367), (1, 0.7407986794426872, 0.7977244141709037), (2, 0.6472449858403041, 0.021936739670946226), (3, 0.24001301512981899, 0.3383935184919453), (4, 0.9763643468890456, 0.6583046461915358)]","[0, 1, 0, 0, 1]",0.582063798980989,0.7266783134302763,0.5197779418935203,0.20227558582909633,0.7407986794426872,0.9780632603290538,0.6472449858403041,0.6616064815080547,0.24001301512981899,0.34169535380846416,0.9763643468890456,1.4711822556612406,1.23369837850982,1.2336983785098197,1.2336983785098197,1.1881115365677393,1.1881115365677393
89,"[(0, 0.3154351888034451, 0.76986831805109), (1, 0.08758703166916937, 0.2868238837791075), (2, 0.3904734684461073, 0.8956763455509213), (3, 0.3480930146950978, 0.5938473713801343), (4, 0.10033046983132543, 0.17187162654213084)]","[0, 0, 1, 0, 0]",0.4563824909393232,0.23013168194890998,0.3154351888034451,0.7131761162208925,0.08758703166916937,0.10432365444907865,0.3904734684461073,0.4061526286198657,0.3480930146950978,0.8281283734578692,0.10033046983132543,0.8416615429167899,0.5925814075106387,0.7197065264334687,0.7299961301244118,0.7246693558776196,0.7246693558776196
90,"[(0, 0.412428827254279, 0.4077221010793035), (1, 0.8977584330066213, 0.8980910334102896), (2, 0.30710113139836404, 0.848584508720997), (3, 0.9582363724155568, 0.8359269391478928), (4, 0.024904640377737763, 0.9801696348921413)]","[1, 1, 1, 0, 1]",0.20590115654987518,0.5922778989206965,0.412428827254279,0.10190896658971038,0.8977584330066213,0.151415491279003,0.30710113139836404,0.16407306085210716,0.9582363724155568,0.01983036510785874,0.024904640377737763,2.0604527796005336,1.6072843966252355,1.751403419697657,1.7631135134670592,1.7560207575690798,1.7560207575690798
91,"[(0, 0.493832650441572, 0.48235391320532917), (1, 0.7689526722996671, 0.808287849811999), (2, 0.3386806464328038, 0.5450011915983036), (3, 0.6209130640487355, 0.7094136094538673), (4, 0.9502045812629195, 0.7440645700760408)]","[0, 1, 1, 0, 1]",0.34217577317089204,0.5176460867946708,0.493832650441572,0.19171215018800103,0.7689526722996671,0.4549988084016964,0.3386806464328038,0.29058639054613267,0.6209130640487355,0.25593542992395923,0.9502045812629195,2.1918163105520545,1.3285486653419671,1.5039770324752162,1.5422061550276154,1.5244319441547582,1.5244319441547582
92,"[(0, 0.48411875607914223, 0.19876821879897177), (1, 0.983879473486696, 0.9110419952959508), (2, 0.7461106079675888, 0.8356698611881198), (3, 0.02688897889323072, 0.7630201688858808), (4, 0.11044339811524662, 0.3879952223883256)]","[0, 1, 0, 0, 0]",0.3807009066885502,0.8012317812010282,0.48411875607914223,0.08895800470404924,0.983879473486696,0.1643301388118802,0.7461106079675888,0.23697983111411924,0.02688897889323072,0.6120047776116744,0.11044339811524662,1.6794534337096618,1.5198576668473076,1.5376530161413722,1.5390597149188938,1.5390597149188938,1.5390597149188938
93,"[(0, 0.6695350361882403, 0.6254687133677137), (1, 0.5827740674937545, 0.48789394120820895), (2, 0.8209022634164362, 0.12067570874467715), (3, 0.282914668408617, 0.5932835849523457), (4, 0.15247382501853446, 0.6362692584440134)]","[1, 0, 1, 1, 1]",0.5072817586566083,0.3745312866322863,0.6695350361882403,0.512106058791791,0.5827740674937545,0.8793242912553229,0.8209022634164362,0.4067164150476543,0.282914668408617,0.3637307415559866,0.15247382501853446,1.0670311529963525,0.7031051542627309,0.703105154262731,0.703105154262731,0.703105154262731,0.7031051542627309
94,"[(0, 0.5757162081364305, 0.5280935247295013), (1, 0.43315641950930595, 0.764308252942924), (2, 0.42269087355905366, 0.13987285022606277), (3, 0.637467470007771, 0.04668633016934831), (4, 0.9951367680564056, 0.7051711127319694)]","[0, 1, 0, 0, 0]",0.5631735858400388,0.47190647527049867,0.5757162081364305,0.23569174705707596,0.43315641950930595,0.8601271497739372,0.42269087355905366,0.9533136698306517,0.637467470007771,0.2948288872680306,0.9951367680564056,1.4257227239219232,1.0328067282970013,1.1089491666564564,1.1317753845340008,1.1201895449501889,1.1201895449501889
95,"[(0, 0.0723665742694708, 0.41009512041245766), (1, 0.9902547165188477, 0.2309222555782432), (2, 0.3487774953998174, 0.8206446275478789), (3, 0.8998386998960388, 0.5151284733574245), (4, 0.9617866903370702, 0.8394150050768843)]","[0, 0, 0, 0, 1]",0.43675890360542236,0.5899048795875423,0.0723665742694708,0.7690777444217568,0.9902547165188477,0.17935537245212108,0.3487774953998174,0.4848715266425755,0.8998386998960388,0.16058499492311573,0.9617866903370702,1.8154421248314145,1.2708707152975476,1.3669072163752247,1.3887702530070407,1.3802577792225104,1.3802577792225104
96,"[(0, 0.1934363348923832, 0.4501062851169103), (1, 0.698164949577195, 0.20824882032210945), (2, 0.8624781241246012, 0.24777264285893985), (3, 0.14625382284064092, 0.4430424211075813), (4, 0.34103502145077924, 0.7177277115703952)]","[0, 1, 0, 1, 1]",0.5866204238048127,0.5498937148830897,0.1934363348923832,0.7917511796778905,0.698164949577195,0.7522273571410601,0.8624781241246012,0.5569575788924187,0.14625382284064092,0.28227228842960483,0.34103502145077924,0.7557243547458955,0.4584687697336016,0.4584687697336016,0.4584687697336016,0.45846876973360157,0.4584687697336018
97,"[(0, 0.0015101727801708487, 0.6949872792973564), (1, 0.5388301134690722, 0.8911547204579396), (2, 0.940309158437345, 0.6567685850219063), (3, 0.7488493837388251, 0.547172315475252), (4, 0.5258027753616162, 0.8888549904670895)]","[1, 1, 1, 1, 1]",0.26421242185609123,0.3050127207026436,0.0015101727801708487,0.10884527954206036,0.5388301134690722,0.34323141497809373,0.940309158437345,0.452827684524748,0.7488493837388251,0.11114500953291051,0.5258027753616162,1.9759081376088525,1.0977465146128855,1.5456462251252252,1.5882024928802574,1.589128175567472,1.589128175567472
98,"[(0, 0.7715909396983306, 0.09501244895307026), (1, 0.2668740750715015, 0.5317154208704677), (2, 0.05313402175475368, 0.7223694862894933), (3, 0.015053805075161741, 0.18950272350738306), (4, 0.7067320896814374, 0.8385236012660758)]","[0, 1, 0, 0, 1]",0.5245752638227019,0.9049875510469297,0.7715909396983306,0.46828457912953225,0.2668740750715015,0.27763051371050673,0.05313402175475368,0.8104972764926169,0.015053805075161741,0.16147639873392416,0.7067320896814374,0.8490584759471461,0.7345125981160384,0.7442849560419249,0.7498284878421795,0.7345125981160384,0.7345125981160384
99,"[(0, 0.5173208995067238, 0.030187551530790557), (1, 0.784107755683501, 0.17736646960402125), (2, 0.6977530603282691, 0.0016326898716736427), (3, 0.26893663891396447, 0.5612308458429364), (4, 0.6852829082335901, 0.8997037510785942)]","[0, 0, 0, 0, 1]",0.6659757384143968,0.9698124484692094,0.5173208995067238,0.8226335303959788,0.784107755683501,0.9983673101283264,0.6977530603282691,0.43876915415706363,0.26893663891396447,0.10029624892140576,0.6852829082335901,0.9233174305047062,0.7674871404236497,0.8225733202897247,0.828693554619831,0.7674871404236496,0.7674871404236496
