q,G,B,n,opt,pi_M,pi_C,pi_R,C3,pi_L,pi_ratio,tam_opt,tam_pi_M,tam_pi_C,tam_pi_R,tam_C3,tam_pi_L,tam_pi_ratio,decisiones,dispersion
0.05,2,2,6,0.14525,0.688468158347677,0.688468158347677,0.688468158347677,1.0,1.0,1.0000000000000009,2,1,1,1,2,2,2,2,0.31153184165232384
0.05,2,3,6,0.23620125,0.6350516773302435,0.6350516773302435,0.6350516773302435,1.0,1.0,1.0000000000000009,2,1,1,1,2,2,2,2,0.3649483226697574
0.05,3,2,6,0.14525,0.688468158347677,0.688468158347677,0.688468158347677,1.0,1.0,1.0000000000000009,2,1,1,1,2,2,2,2,0.31153184165232384
0.05,3,3,6,0.276926875,0.5416592376597618,0.5416592376597618,0.5416592376597618,1.0,0.9999999999999998,1.0000000000000009,3,1,1,1,3,3,3,2,0.4583407623402391
0.05,4,2,6,0.14525,0.688468158347677,0.688468158347677,0.688468158347677,0.6443674698795181,1.0,1.0000000000000009,2,1,1,1,4,2,2,3,0.3556325301204828
0.05,4,3,6,0.276926875,0.5416592376597618,0.6896224860804866,0.9845627117266977,0.6826994039491472,0.9845627117266967,0.9845627117266977,3,1,4,4,4,4,4,2,0.442903474066936
0.1,2,2,6,0.282,0.7092198581560283,0.7092198581560283,0.7092198581560283,1.0,1.0000000000000002,0.9999999999999998,2,1,1,1,2,2,2,2,0.29078014184397194
0.1,2,3,6,0.44924,0.667794497373342,0.667794497373342,0.667794497373342,1.0,1.0000000000000002,0.9999999999999999,2,1,1,1,2,2,2,2,0.33220550262665827
0.1,3,2,6,0.282,0.7092198581560283,0.7092198581560283,0.7092198581560283,1.0,1.0000000000000002,0.9999999999999998,2,1,1,1,2,2,2,2,0.29078014184397194
0.1,3,3,6,0.51486,0.5826826710173642,0.5826826710173642,0.5826826710173642,1.0,1.0,0.9999999999999998,3,1,1,1,3,3,3,2,0.41731732898263585
0.1,4,2,6,0.282,0.7092198581560283,0.7092198581560283,0.7092198581560283,0.633049645390071,1.0000000000000002,0.9999999999999998,2,1,1,1,4,2,2,3,0.3669503546099292
0.1,4,3,6,0.51486,0.5826826710173642,0.7139804995532766,0.9720312317911666,0.7030066425824496,0.9720312317911666,0.9688847453676727,3,1,4,4,4,4,4,2,0.3893485607738024
0.2,2,2,6,0.536,0.7462686567164177,0.7462686567164177,0.7462686567164177,1.0,1.0,0.9999999999999998,2,1,1,1,2,2,2,2,0.25373134328358227
0.2,2,3,6,0.82848,0.7242178447276938,0.7242178447276938,0.7242178447276938,1.0,1.0,0.9999999999999999,2,1,1,1,2,2,2,2,0.2757821552723062
0.2,3,2,6,0.536,0.7462686567164177,0.7462686567164177,0.7462686567164177,1.0,1.0,0.9999999999999998,2,1,1,1,2,2,2,2,0.25373134328358227
0.2,3,3,6,0.91072,0.6588193956430075,0.6588193956430075,0.6588193956430075,1.0,1.0,0.9999999999999999,3,1,1,1,3,3,3,2,0.3411806043569925
0.2,4,2,6,0.536,0.7462686567164177,0.7462686567164177,0.7462686567164177,0.6429850746268656,1.0,0.9999999999999998,2,1,1,1,4,2,2,3,0.3570149253731344
0.2,4,3,6,0.91072,0.6588193956430075,0.7659873506676035,0.9578355586788474,0.7554462403373154,0.9578355586788475,0.9999999999999999,3,1,4,4,4,4,3,3,0.3411806043569924
0.3,2,2,6,0.774,0.7751937984496124,0.7751937984496124,0.7751937984496124,1.0,1.0,1.0,2,1,1,1,2,2,2,2,0.22480620155038755
0.3,2,3,6,1.17492,0.7660096006536614,0.7660096006536614,0.7660096006536614,1.0,1.0,1.0000000000000002,2,1,1,1,2,2,2,2,0.2339903993463388
0.3,3,2,6,0.774,0.7751937984496124,0.7751937984496124,0.7751937984496124,1.0,1.0,1.0,2,1,1,1,2,2,2,2,0.22480620155038755
0.3,3,3,6,1.24938,0.7203572972194207,0.7203572972194207,0.7203572972194207,1.0,1.0,1.0,3,1,1,1,3,3,3,2,0.27964270278057934
0.3,4,2,6,0.774,0.7751937984496124,0.7751937984496124,0.7751937984496124,0.7208527131782946,1.0,1.0,2,1,1,1,4,2,2,3,0.2791472868217054
0.3,4,3,6,1.24938,0.7203572972194207,0.8192863660375546,0.9596599913557124,0.8196465446861643,0.9596599913557124,1.0,3,1,4,4,4,4,3,3,0.27964270278057934
0.4,2,2,6,1.008,0.7936507936507934,0.7936507936507934,0.7936507936507934,1.0,1.0,1.0,2,1,1,1,2,2,2,2,0.20634920634920662
0.4,2,3,6,1.51616,0.7914731954411145,0.7914731954411145,0.7914731954411145,1.0,1.0,1.0,2,1,1,1,2,2,2,2,0.2085268045588855
0.4,3,2,6,1.008,0.7936507936507934,0.7936507936507934,0.7936507936507934,1.0,1.0,1.0,2,1,1,1,2,2,2,2,0.20634920634920662
0.4,3,3,6,1.57824,0.7603406326034063,0.7603406326034063,0.7603406326034063,1.0,0.9999999999999999,1.0,3,1,1,1,3,3,3,2,0.23965936739659366
0.4,4,2,6,1.008,0.7936507936507934,0.7936507936507934,0.7936507936507934,0.8336507936507936,1.0,1.0,2,1,1,1,4,2,2,3,0.20634920634920662
0.4,4,3,6,1.57824,0.7603406326034063,0.867802108678021,0.9756690997566911,0.8990267639902675,0.975669099756691,1.0,3,1,4,4,4,4,3,3,0.23965936739659366
0.5,2,2,6,1.25,0.8,0.8,0.8,1.0,1.0,1.0,2,1,1,1,2,2,2,2,0.19999999999999996
0.5,2,3,6,1.875,0.8,0.8,0.8,1.0,1.0,1.0,2,1,1,1,2,2,2,2,0.19999999999999996
0.5,3,2,6,1.25,0.8,0.8,0.8,1.0,1.0,1.0,2,1,1,1,2,2,2,2,0.19999999999999996
0.5,3,3,6,1.96875,0.7619047619047619,0.7619047619047619,0.7619047619047619,1.0,1.0,0.9523809523809523,3,1,1,1,3,3,2,3,0.23809523809523814
0.5,4,2,6,1.25,0.8,0.85,0.95,0.95,0.95,1.0,2,1,4,4,4,4,2,3,0.19999999999999996
0.5,4,3,6,1.96875,0.7619047619047619,0.8888888888888888,0.9841269841269841,0.9841269841269841,1.0,0.9523809523809523,3,1,4,4,4,4,2,3,0.23809523809523814
