replicate,category,compatible,pool,tv_product,tv_atom,gap_clean_product,exact_pmf,product_pmf,atom_pmf
0,disjoint,1,192,6.938893903907228e-17,6.938893903907228e-17,2.7755575615628914e-17,"[0.2266377413402974, 0.5736821002975301, 0.19968015836217254]","[0.22663774134029743, 0.57368210029753, 0.19968015836217254]","[0.22663774134029743, 0.57368210029753, 0.19968015836217254]"
0,observed_node,1,15,0.5384738424780648,0.0,0.02434508053395052,"[0.0, 0.0, 1.0, 0.0, 0.0]","[0.02434508053395052, 0.24489184070508188, 0.46152615752193504, 0.2448918407050819, 0.024345080533950517]","[0.0, 0.0, 1.0, 0.0, 0.0]"
0,nested_compatible,1,12,0.4828776795177717,0.0,0.2414388397588858,"[0.0, 1.0, 0.0]","[0.2414388397588858, 0.5171223204822283, 0.2414388397588859]","[0.0, 1.0, 0.0]"
0,crossing_nonlaminar,0,19,0.20166664616399638,0.0,0.0,"[0.0, 0.0, 1.0, 0.0]","[0.0, 0.10083332308199817, 0.7983333538360036, 0.10083332308199813]","[0.0, 0.0, 1.0, 0.0]"
1,disjoint,1,192,3.469446951953614e-18,3.469446951953614e-18,0.0,"[0.5056844407779568, 0.43385995349627604, 0.06045560572576711]","[0.5056844407779568, 0.43385995349627604, 0.060455605725767116]","[0.5056844407779568, 0.43385995349627604, 0.060455605725767116]"
1,observed_node,1,15,0.0,0.0,0.0,"[0.0, 0.0, 0.0, 0.0, 1.0]","[0.0, 0.0, 0.0, 0.0, 1.0]","[0.0, 0.0, 0.0, 0.0, 1.0]"
1,nested_compatible,1,12,0.0,0.0,0.0,"[0.0, 0.0, 1.0]","[0.0, 0.0, 1.0]","[0.0, 0.0, 1.0]"
1,crossing_nonlaminar,0,19,0.0,0.0,0.0,"[0.0, 0.0, 0.0, 1.0]","[0.0, 0.0, 0.0, 1.0]","[0.0, 0.0, 0.0, 1.0]"
2,disjoint,1,192,8.326672684688674e-17,5.551115123125783e-17,5.551115123125783e-17,"[0.39872728550632275, 0.4656345394506498, 0.1356381750430274]","[0.3987272855063228, 0.4656345394506499, 0.1356381750430274]","[0.3987272855063228, 0.46563453945064986, 0.1356381750430274]"
2,observed_node,1,15,0.0,0.0,0.0,"[1.0, 0.0, 0.0, 0.0, 0.0]","[1.0, 0.0, 0.0, 0.0, 0.0]","[1.0, 0.0, 0.0, 0.0, 0.0]"
2,nested_compatible,1,12,0.0,0.0,0.0,"[1.0, 0.0, 0.0]","[1.0, 0.0, 0.0]","[1.0, 0.0, 0.0]"
2,crossing_nonlaminar,0,19,5.551115123125783e-17,5.551115123125783e-17,0.0,"[0.4369230032417126, 0.5630769967582873, 0.0, 0.0]","[0.4369230032417126, 0.5630769967582874, 0.0, 0.0]","[0.4369230032417126, 0.5630769967582874, 0.0, 0.0]"
3,disjoint,1,192,0.0,0.0,0.0,"[0.24785113589339544, 0.5057919149590605, 0.246356949147544]","[0.24785113589339544, 0.5057919149590605, 0.246356949147544]","[0.24785113589339544, 0.5057919149590605, 0.246356949147544]"
3,observed_node,1,15,0.5394739875657208,0.0,0.02322548773997314,"[0.0, 0.0, 1.0, 0.0, 0.0]","[0.02322548773997314, 0.24651150604288732, 0.46052601243427926, 0.2465115060428873, 0.023225487739973127]","[0.0, 0.0, 1.0, 0.0, 0.0]"
3,nested_compatible,1,12,0.19008313913435318,0.0,0.09504156956717663,"[0.0, 1.0, 0.0]","[0.09504156956717663, 0.8099168608656468, 0.09504156956717658]","[0.0, 1.0, 0.0]"
3,crossing_nonlaminar,0,19,0.27177861020465605,8.326672684688674e-17,0.07232172155551675,"[0.0, 0.2959494331138026, 0.7040505668861972, 0.0]","[0.07232172155551675, 0.3233561558828556, 0.4322719566815413, 0.17205016588008648]","[0.0, 0.2959494331138027, 0.7040505668861973, 0.0]"
4,disjoint,1,192,6.938893903907228e-17,4.163336342344337e-17,2.7755575615628914e-17,"[0.15703135024294507, 0.49053888711363564, 0.3524297626434193]","[0.1570313502429451, 0.4905388871136357, 0.35242976264341924]","[0.1570313502429451, 0.49053888711363564, 0.35242976264341924]"
4,observed_node,1,15,0.3053419814004119,0.0,0.15267099070020598,"[0.0, 1.0, 0.0, 0.0, 0.0]","[0.15267099070020598, 0.6946580185995881, 0.15267099070020598, 0.0, 0.0]","[0.0, 1.0, 0.0, 0.0, 0.0]"
4,nested_compatible,1,12,0.3053419814004119,0.0,0.15267099070020598,"[0.0, 1.0, 0.0]","[0.15267099070020598, 0.6946580185995881, 0.15267099070020598]","[0.0, 1.0, 0.0]"
4,crossing_nonlaminar,0,19,0.0,0.0,0.0,"[0.0, 1.0, 0.0, 0.0]","[0.0, 1.0, 0.0, 0.0]","[0.0, 1.0, 0.0, 0.0]"
5,disjoint,1,192,5.551115123125783e-17,5.551115123125783e-17,0.0,"[0.16113428252690126, 0.48062012304927654, 0.3582455944238223]","[0.16113428252690126, 0.4806201230492765, 0.35824559442382226]","[0.16113428252690126, 0.4806201230492765, 0.35824559442382226]"
5,observed_node,1,15,0.5998616872382865,0.0,0.05159498919203693,"[0.0, 0.0, 1.0, 0.0, 0.0]","[0.05159498919203693, 0.24833585442710637, 0.4001383127617135, 0.24833585442710632, 0.05159498919203691]","[0.0, 0.0, 1.0, 0.0, 0.0]"
5,nested_compatible,1,12,0.4350558981026126,0.0,0.21752794905130635,"[0.0, 1.0, 0.0]","[0.21752794905130635, 0.5649441018973874, 0.2175279490513063]","[0.0, 1.0, 0.0]"
5,crossing_nonlaminar,0,19,0.4743757242878954,0.0,0.0,"[0.0, 0.0, 1.0, 0.0]","[0.0, 0.2371878621439477, 0.5256242757121047, 0.2371878621439477]","[0.0, 0.0, 1.0, 0.0]"
6,disjoint,1,192,2.7755575615628914e-17,2.7755575615628914e-17,0.0,"[0.09645806591030828, 0.5037186159900742, 0.3998233180996177]","[0.09645806591030828, 0.5037186159900742, 0.39982331809961763]","[0.09645806591030828, 0.5037186159900742, 0.39982331809961763]"
6,observed_node,1,15,0.41007247413185327,0.0,0.012731234417580208,"[0.0, 0.0, 1.0, 0.0, 0.0]","[0.012731234417580208, 0.19230500264834652, 0.5899275258681468, 0.19230500264834635, 0.01273123441758019]","[0.0, 0.0, 1.0, 0.0, 0.0]"
6,nested_compatible,1,12,0.1524782670718249,0.0,0.07623913353591251,"[0.0, 1.0, 0.0]","[0.07623913353591251, 0.8475217329281751, 0.07623913353591244]","[0.0, 1.0, 0.0]"
6,crossing_nonlaminar,0,19,0.3339816135655095,0.0,0.1669908067827548,"[0.0, 1.0, 0.0, 0.0]","[0.1669908067827548, 0.6660183864344905, 0.1669908067827547, 0.0]","[0.0, 1.0, 0.0, 0.0]"
7,disjoint,1,192,6.938893903907228e-17,6.938893903907228e-17,0.0,"[0.26153706383647896, 0.5054939928986961, 0.232968943264825]","[0.26153706383647896, 0.505493992898696, 0.23296894326482498]","[0.26153706383647896, 0.505493992898696, 0.23296894326482498]"
7,observed_node,1,15,0.36933829026557063,0.0,0.18466914513278535,"[0.0, 1.0, 0.0, 0.0, 0.0]","[0.18466914513278535, 0.6306617097344294, 0.18466914513278532, 0.0, 0.0]","[0.0, 1.0, 0.0, 0.0, 0.0]"
7,nested_compatible,1,12,0.36933829026557063,0.0,0.18466914513278535,"[0.0, 1.0, 0.0]","[0.18466914513278535, 0.6306617097344294, 0.18466914513278532]","[0.0, 1.0, 0.0]"
7,crossing_nonlaminar,0,19,5.551115123125783e-17,0.0,0.0,"[0.39648908964644025, 0.6035109103535599, 0.0, 0.0]","[0.39648908964644025, 0.6035109103535597, 0.0, 0.0]","[0.39648908964644025, 0.6035109103535599, 0.0, 0.0]"
8,disjoint,1,192,6.245004513516506e-17,6.245004513516506e-17,5.551115123125783e-17,"[0.42922913839116716, 0.4527101746494597, 0.11806068695937308]","[0.4292291383911672, 0.45271017464945973, 0.11806068695937309]","[0.4292291383911672, 0.45271017464945973, 0.11806068695937309]"
8,observed_node,1,15,0.0,0.0,0.0,"[0.0, 0.0, 1.0, 0.0, 0.0]","[0.0, 0.0, 1.0, 0.0, 0.0]","[0.0, 0.0, 1.0, 0.0, 0.0]"
8,nested_compatible,1,12,0.0,0.0,0.0,"[1.0, 0.0, 0.0]","[1.0, 0.0, 0.0]","[1.0, 0.0, 0.0]"
8,crossing_nonlaminar,0,19,8.326672684688674e-17,8.326672684688674e-17,0.0,"[0.0, 0.0, 0.440982026569632, 0.559017973430368]","[0.0, 0.0, 0.4409820265696319, 0.5590179734303681]","[0.0, 0.0, 0.4409820265696319, 0.5590179734303681]"
9,disjoint,1,192,5.551115123125783e-17,4.163336342344337e-17,-5.551115123125783e-17,"[0.37814253385251784, 0.4765949163758381, 0.145262549771644]","[0.3781425338525178, 0.47659491637583806, 0.145262549771644]","[0.37814253385251784, 0.4765949163758382, 0.14526254977164402]"
9,observed_node,1,15,0.2709397611631228,0.0,0.13546988058156142,"[0.0, 1.0, 0.0, 0.0, 0.0]","[0.13546988058156142, 0.7290602388368772, 0.1354698805815614, 0.0, 0.0]","[0.0, 1.0, 0.0, 0.0, 0.0]"
9,nested_compatible,1,12,0.2709397611631228,0.0,0.13546988058156142,"[0.0, 1.0, 0.0]","[0.13546988058156142, 0.7290602388368772, 0.1354698805815614]","[0.0, 1.0, 0.0]"
9,crossing_nonlaminar,0,19,0.0,0.0,0.0,"[1.0, 0.0, 0.0, 0.0]","[1.0, 0.0, 0.0, 0.0]","[1.0, 0.0, 0.0, 0.0]"
10,disjoint,1,192,1.1102230246251565e-16,1.1102230246251565e-16,-5.551115123125783e-17,"[0.16129398109915563, 0.5192369164963894, 0.31946910240445514]","[0.16129398109915558, 0.5192369164963893, 0.3194691024044551]","[0.16129398109915558, 0.5192369164963893, 0.3194691024044551]"
10,observed_node,1,15,0.29365514432234807,0.0,0.14682757216117404,"[0.0, 1.0, 0.0, 0.0, 0.0]","[0.14682757216117404, 0.7063448556776519, 0.14682757216117404, 0.0, 0.0]","[0.0, 1.0, 0.0, 0.0, 0.0]"
10,nested_compatible,1,12,0.0,0.0,0.0,"[1.0, 0.0, 0.0]","[1.0, 0.0, 0.0]","[1.0, 0.0, 0.0]"
10,crossing_nonlaminar,0,19,0.14682757216117417,8.326672684688674e-17,0.060276274360306706,"[0.0, 0.4105242188036787, 0.5894757811963216, 0.0]","[0.060276274360306706, 0.37652296788393247, 0.4766494599548935, 0.08655129780086733]","[0.0, 0.4105242188036786, 0.5894757811963215, 0.0]"
11,disjoint,1,192,9.71445146547012e-17,9.71445146547012e-17,5.551115123125783e-17,"[0.36139505243155257, 0.47992942921921616, 0.15867551834923116]","[0.3613950524315526, 0.4799294292192163, 0.1586755183492312]","[0.3613950524315526, 0.4799294292192163, 0.1586755183492312]"
11,observed_node,1,15,0.42559470158641916,0.0,0.21279735079320955,"[0.0, 1.0, 0.0, 0.0, 0.0]","[0.21279735079320955, 0.5744052984135809, 0.21279735079320958, 0.0, 0.0]","[0.0, 1.0, 0.0, 0.0, 0.0]"
11,nested_compatible,1,12,0.0,0.0,0.0,"[1.0, 0.0, 0.0]","[1.0, 0.0, 0.0]","[1.0, 0.0, 0.0]"
11,crossing_nonlaminar,0,19,0.2127973507932095,5.551115123125783e-17,0.13264647802571852,"[0.0, 0.6233464727416678, 0.37665352725833207, 0.0]","[0.13264647802571852, 0.43820438945772183, 0.3489982597490686, 0.08015087276749103]","[0.0, 0.6233464727416679, 0.37665352725833207, 0.0]"
12,disjoint,1,192,2.7755575615628914e-17,9.71445146547012e-17,0.0,"[0.40175328022535645, 0.4724549214825931, 0.12579179829205037]","[0.40175328022535645, 0.47245492148259316, 0.12579179829205037]","[0.4017532802253565, 0.4724549214825932, 0.1257917982920504]"
12,observed_node,1,15,0.0,0.0,0.0,"[0.0, 0.0, 1.0, 0.0, 0.0]","[0.0, 0.0, 1.0, 0.0, 0.0]","[0.0, 0.0, 1.0, 0.0, 0.0]"
12,nested_compatible,1,12,0.0,0.0,0.0,"[0.0, 0.0, 1.0]","[0.0, 0.0, 1.0]","[0.0, 0.0, 1.0]"
12,crossing_nonlaminar,0,19,0.0,0.0,0.0,"[0.0, 1.0, 0.0, 0.0]","[0.0, 1.0, 0.0, 0.0]","[0.0, 1.0, 0.0, 0.0]"
13,disjoint,1,192,0.0,0.0,0.0,"[0.1907923076000756, 0.6680775076435701, 0.14113018475635433]","[0.1907923076000756, 0.6680775076435701, 0.14113018475635433]","[0.1907923076000756, 0.6680775076435701, 0.14113018475635433]"
13,observed_node,1,15,0.4679827393604563,0.0,0.0,"[0.0, 0.0, 0.0, 1.0, 0.0]","[0.0, 0.0, 0.2339913696802282, 0.5320172606395437, 0.2339913696802281]","[0.0, 0.0, 0.0, 1.0, 0.0]"
13,nested_compatible,1,12,0.4679827393604563,0.0,0.2339913696802282,"[0.0, 1.0, 0.0]","[0.2339913696802282, 0.5320172606395437, 0.2339913696802281]","[0.0, 1.0, 0.0]"
13,crossing_nonlaminar,0,19,0.0,0.0,0.0,"[0.0, 0.0, 1.0, 0.0]","[0.0, 0.0, 1.0, 0.0]","[0.0, 0.0, 1.0, 0.0]"
14,disjoint,1,192,8.326672684688674e-17,8.326672684688674e-17,5.551115123125783e-17,"[0.23786988856525862, 0.5553292371331033, 0.20680087430163796]","[0.23786988856525867, 0.5553292371331034, 0.20680087430163796]","[0.23786988856525867, 0.5553292371331034, 0.20680087430163796]"
14,observed_node,1,15,0.4992417593115219,0.0,0.24962087965576096,"[0.0, 1.0, 0.0, 0.0, 0.0]","[0.24962087965576096, 0.5007582406884781, 0.249620879655761, 0.0, 0.0]","[0.0, 1.0, 0.0, 0.0, 0.0]"
14,nested_compatible,1,12,0.0,0.0,0.0,"[1.0, 0.0, 0.0]","[1.0, 0.0, 0.0]","[1.0, 0.0, 0.0]"
14,crossing_nonlaminar,0,19,0.4992417593115219,0.0,0.24962087965576096,"[0.0, 1.0, 0.0, 0.0]","[0.24962087965576096, 0.5007582406884781, 0.249620879655761, 0.0]","[0.0, 1.0, 0.0, 0.0]"
15,disjoint,1,192,1.5265566588595902e-16,1.5265566588595902e-16,0.0,"[0.26556577817911464, 0.5013787946877087, 0.23305542713317687]","[0.26556577817911464, 0.5013787946877085, 0.23305542713317678]","[0.26556577817911464, 0.5013787946877085, 0.23305542713317678]"
15,observed_node,1,15,0.5390885569413294,0.0,0.030751741047171773,"[0.0, 0.0, 1.0, 0.0, 0.0]","[0.030751741047171773, 0.23879253742349282, 0.4609114430586706, 0.23879253742349293, 0.030751741047171807]","[0.0, 0.0, 1.0, 0.0, 0.0]"
15,nested_compatible,1,12,0.45063595346689284,0.0,0.2253179767334464,"[0.0, 1.0, 0.0]","[0.2253179767334464, 0.5493640465331071, 0.22531797673344647]","[0.0, 1.0, 0.0]"
15,crossing_nonlaminar,0,19,0.2729630497574672,0.0,0.13648152487873355,"[0.0, 1.0, 0.0, 0.0]","[0.13648152487873355, 0.7270369502425328, 0.13648152487873366, 0.0]","[0.0, 1.0, 0.0, 0.0]"
16,disjoint,1,192,1.3877787807814457e-16,0.0,-2.7755575615628914e-17,"[0.17091468912794736, 0.613263739984768, 0.21582157088728476]","[0.17091468912794733, 0.6132637399847678, 0.21582157088728474]","[0.17091468912794736, 0.613263739984768, 0.21582157088728476]"
16,observed_node,1,15,0.45876449345545406,0.0,0.017849628056787213,"[0.0, 0.0, 1.0, 0.0, 0.0]","[0.017849628056787213, 0.21153261867093978, 0.541235506544546, 0.21153261867093984, 0.01784962805678722]","[0.0, 0.0, 1.0, 0.0, 0.0]"
16,nested_compatible,1,12,0.37594463854145477,0.0,0.1879723192707273,"[0.0, 1.0, 0.0]","[0.1879723192707273, 0.6240553614585452, 0.1879723192707274]","[0.0, 1.0, 0.0]"
16,crossing_nonlaminar,0,19,0.1899176232547226,0.0,0.0,"[0.0, 0.0, 1.0, 0.0]","[0.0, 0.09495881162736132, 0.8100823767452774, 0.09495881162736129]","[0.0, 0.0, 1.0, 0.0]"
17,disjoint,1,192,0.0,0.0,0.0,"[0.1864588556501299, 0.5177925278261206, 0.29574861652374945]","[0.1864588556501299, 0.5177925278261206, 0.29574861652374945]","[0.1864588556501299, 0.5177925278261206, 0.29574861652374945]"
17,observed_node,1,15,0.3964349508947459,0.0,0.0,"[0.0, 0.0, 0.0, 1.0, 0.0]","[0.0, 0.0, 0.19821747544737303, 0.6035650491052541, 0.19821747544737292]","[0.0, 0.0, 0.0, 1.0, 0.0]"
17,nested_compatible,1,12,0.0,0.0,0.0,"[0.0, 0.0, 1.0]","[0.0, 0.0, 1.0]","[0.0, 0.0, 1.0]"
17,crossing_nonlaminar,0,19,0.3964349508947459,0.0,0.19821747544737303,"[0.0, 1.0, 0.0, 0.0]","[0.19821747544737303, 0.6035650491052541, 0.19821747544737292, 0.0]","[0.0, 1.0, 0.0, 0.0]"
18,disjoint,1,192,3.469446951953614e-17,3.469446951953614e-17,-5.551115123125783e-17,"[0.3672537117659329, 0.5143577519059681, 0.11838853632809906]","[0.36725371176593286, 0.5143577519059681, 0.11838853632809905]","[0.36725371176593286, 0.5143577519059681, 0.11838853632809905]"
18,observed_node,1,15,0.5848840201272794,0.0,0.04581635724157267,"[0.0, 0.0, 1.0, 0.0, 0.0]","[0.04581635724157267, 0.2466256528220671, 0.41511597987272064, 0.246625652822067, 0.04581635724157264]","[0.0, 0.0, 1.0, 0.0, 0.0]"
18,nested_compatible,1,12,0.4691455494942609,0.0,0.23457277474713045,"[0.0, 1.0, 0.0]","[0.23457277474713045, 0.5308544505057391, 0.23457277474713042]","[0.0, 1.0, 0.0]"
18,crossing_nonlaminar,0,19,0.3906366140824544,0.0,0.19531830704122727,"[0.0, 1.0, 0.0, 0.0]","[0.19531830704122727, 0.6093633859175457, 0.19531830704122716, 0.0]","[0.0, 1.0, 0.0, 0.0]"
19,disjoint,1,192,8.326672684688674e-17,1.249000902703301e-16,5.551115123125783e-17,"[0.2608339446863683, 0.4999916538443834, 0.2391744014692482]","[0.26083394468636834, 0.4999916538443835, 0.2391744014692482]","[0.2608339446863684, 0.4999916538443835, 0.23917440146924823]"
19,observed_node,1,15,0.4983563881551636,0.0,0.2491781940775818,"[0.0, 1.0, 0.0, 0.0, 0.0]","[0.2491781940775818, 0.5016436118448364, 0.2491781940775818, 0.0, 0.0]","[0.0, 1.0, 0.0, 0.0, 0.0]"
19,nested_compatible,1,12,0.0,0.0,0.0,"[1.0, 0.0, 0.0]","[1.0, 0.0, 0.0]","[1.0, 0.0, 0.0]"
19,crossing_nonlaminar,0,19,0.4753956988269466,1.1449174941446927e-16,0.24152463096817617,"[0.0, 0.9692847797627799, 0.03071522023721989, 0.0]","[0.24152463096817617, 0.49388908093583345, 0.25693272498658476, 0.007653563109405647]","[0.0, 0.9692847797627802, 0.030715220237219898, 0.0]"
20,disjoint,1,192,5.551115123125783e-17,5.551115123125783e-17,0.0,"[0.19975463027561377, 0.517615107947029, 0.2826302617773571]","[0.19975463027561377, 0.5176151079470291, 0.2826302617773571]","[0.19975463027561377, 0.5176151079470291, 0.2826302617773571]"
20,observed_node,1,15,0.573002606224696,0.0,0.042220815562202314,"[0.0, 0.0, 1.0, 0.0, 0.0]","[0.042220815562202314, 0.2442804875501457, 0.426997393775304, 0.2442804875501457, 0.042220815562202314]","[0.0, 0.0, 1.0, 0.0, 0.0]"
20,nested_compatible,1,12,0.370490316621811,0.0,0.1852451583109055,"[0.0, 1.0, 0.0]","[0.1852451583109055, 0.629509683378189, 0.1852451583109055]","[0.0, 1.0, 0.0]"
20,crossing_nonlaminar,0,19,0.22791859148804933,8.326672684688674e-17,0.09373788059546276,"[0.0, 0.4112779040246822, 0.5887220959753177, 0.0]","[0.09373788059546276, 0.3579828537263434, 0.4140985547856072, 0.13418071089258668]","[0.0, 0.41127790402468223, 0.5887220959753178, 0.0]"
21,disjoint,1,192,8.326672684688674e-17,8.326672684688674e-17,5.551115123125783e-17,"[0.21995547480205985, 0.5358218525018409, 0.2442226726960991]","[0.2199554748020599, 0.535821852501841, 0.2442226726960991]","[0.2199554748020599, 0.535821852501841, 0.2442226726960991]"
21,observed_node,1,15,0.1672614468669553,0.0,0.08363072343347772,"[0.0, 1.0, 0.0, 0.0, 0.0]","[0.08363072343347772, 0.8327385531330448, 0.08363072343347765, 0.0, 0.0]","[0.0, 1.0, 0.0, 0.0, 0.0]"
21,nested_compatible,1,12,0.0,0.0,0.0,"[1.0, 0.0, 0.0]","[1.0, 0.0, 0.0]","[1.0, 0.0, 0.0]"
21,crossing_nonlaminar,0,19,0.1672614468669553,0.0,0.08363072343347772,"[0.0, 1.0, 0.0, 0.0]","[0.08363072343347772, 0.8327385531330448, 0.08363072343347765, 0.0]","[0.0, 1.0, 0.0, 0.0]"
22,disjoint,1,192,5.551115123125783e-17,5.551115123125783e-17,0.0,"[0.10381638085789147, 0.43935123723124975, 0.4568323819108589]","[0.10381638085789147, 0.4393512372312497, 0.45683238191085884]","[0.10381638085789147, 0.4393512372312497, 0.45683238191085884]"
22,observed_node,1,15,0.27758529282363187,0.0,0.13879264641181588,"[0.0, 1.0, 0.0, 0.0, 0.0]","[0.13879264641181588, 0.7224147071763681, 0.138792646411816, 0.0, 0.0]","[0.0, 1.0, 0.0, 0.0, 0.0]"
22,nested_compatible,1,12,0.0,0.0,0.0,"[1.0, 0.0, 0.0]","[1.0, 0.0, 0.0]","[1.0, 0.0, 0.0]"
22,crossing_nonlaminar,0,19,0.27758529282363187,0.0,0.13879264641181588,"[0.0, 1.0, 0.0, 0.0]","[0.13879264641181588, 0.7224147071763681, 0.138792646411816, 0.0]","[0.0, 1.0, 0.0, 0.0]"
23,disjoint,1,192,5.551115123125783e-17,4.163336342344337e-17,-5.551115123125783e-17,"[0.39303743413017567, 0.468178810240848, 0.1387837556289763]","[0.3930374341301756, 0.46817881024084806, 0.1387837556289763]","[0.39303743413017567, 0.46817881024084806, 0.13878375562897632]"
23,observed_node,1,15,0.27574555487261215,0.0,0.006049541389651857,"[0.0, 0.0, 1.0, 0.0, 0.0]","[0.006049541389651857, 0.13182323604665422, 0.7242544451273879, 0.13182323604665427, 0.006049541389651861]","[0.0, 0.0, 1.0, 0.0, 0.0]"
23,nested_compatible,1,12,0.16804272433875958,0.0,0.08402136216937976,"[0.0, 1.0, 0.0]","[0.08402136216937976, 0.8319572756612404, 0.08402136216937985]","[0.0, 1.0, 0.0]"
23,crossing_nonlaminar,0,19,0.14400007887176372,0.0,0.0,"[0.0, 0.0, 1.0, 0.0]","[0.0, 0.07200003943588187, 0.8559999211282363, 0.07200003943588186]","[0.0, 0.0, 1.0, 0.0]"
24,disjoint,1,192,1.3877787807814457e-17,1.3877787807814457e-17,-2.7755575615628914e-17,"[0.24791873843575624, 0.5522178081398297, 0.1998634534244142]","[0.2479187384357562, 0.5522178081398297, 0.1998634534244142]","[0.2479187384357562, 0.5522178081398297, 0.1998634534244142]"
24,observed_node,1,15,0.09296990881395167,0.0,0.0,"[0.0, 0.0, 0.0, 1.0, 0.0]","[0.0, 0.0, 0.046484954406975816, 0.9070300911860483, 0.04648495440697581]","[0.0, 0.0, 0.0, 1.0, 0.0]"
24,nested_compatible,1,12,0.0,0.0,0.0,"[0.0, 0.0, 1.0]","[0.0, 0.0, 1.0]","[0.0, 0.0, 1.0]"
24,crossing_nonlaminar,0,19,0.0556822181215445,1.1102230246251565e-16,0.03405572417617338,"[0.0, 0.7326182118630363, 0.26738178813696395, 0.0]","[0.03405572417617338, 0.6769359937414916, 0.2765790518515324, 0.012429230230802434]","[0.0, 0.7326182118630361, 0.26738178813696395, 0.0]"
25,disjoint,1,192,5.551115123125783e-17,2.7755575615628914e-17,-5.551115123125783e-17,"[0.4228978779922636, 0.4793789825219393, 0.09772313948579715]","[0.4228978779922635, 0.47937898252193933, 0.09772313948579715]","[0.4228978779922635, 0.4793789825219393, 0.09772313948579715]"
25,observed_node,1,15,0.0,0.0,0.0,"[0.0, 0.0, 1.0, 0.0, 0.0]","[0.0, 0.0, 1.0, 0.0, 0.0]","[0.0, 0.0, 1.0, 0.0, 0.0]"
25,nested_compatible,1,12,0.0,0.0,0.0,"[0.0, 0.0, 1.0]","[0.0, 0.0, 1.0]","[0.0, 0.0, 1.0]"
25,crossing_nonlaminar,0,19,0.0,0.0,0.0,"[1.0, 0.0, 0.0, 0.0]","[1.0, 0.0, 0.0, 0.0]","[1.0, 0.0, 0.0, 0.0]"
26,disjoint,1,192,2.220446049250313e-16,2.220446049250313e-16,1.6653345369377348e-16,"[0.3855210251398992, 0.4837064293872492, 0.13077254547285116]","[0.3855210251398994, 0.48370642938724945, 0.13077254547285122]","[0.3855210251398994, 0.48370642938724945, 0.13077254547285122]"
26,observed_node,1,15,0.5401706070749098,0.0,0.020107325421799917,"[0.0, 0.0, 1.0, 0.0, 0.0]","[0.020107325421799917, 0.249977978115655, 0.45982939292509006, 0.2499779781156551, 0.020107325421799934]","[0.0, 0.0, 1.0, 0.0, 0.0]"
26,nested_compatible,1,12,0.16087949783328417,0.0,0.08043974891664209,"[0.0, 1.0, 0.0]","[0.08043974891664209, 0.8391205021667159, 0.08043974891664213]","[0.0, 1.0, 0.0]"
26,crossing_nonlaminar,0,19,0.24996753088621246,2.220446049250313e-16,0.125715440061674,"[0.0, 0.5029270786328676, 0.49707292136713205, 0.0]","[0.125715440061674, 0.3757482893340581, 0.37428417977972916, 0.1242520908245386]","[0.0, 0.5029270786328678, 0.49707292136713227, 0.0]"
27,disjoint,1,192,3.469446951953614e-18,3.469446951953614e-18,-6.938893903907228e-18,"[0.060553328632801336, 0.37818467274188905, 0.5612619986253096]","[0.06055332863280133, 0.37818467274188905, 0.5612619986253096]","[0.06055332863280133, 0.37818467274188905, 0.5612619986253096]"
27,observed_node,1,15,0.0,0.0,0.0,"[0.0, 0.0, 1.0, 0.0, 0.0]","[0.0, 0.0, 1.0, 0.0, 0.0]","[0.0, 0.0, 1.0, 0.0, 0.0]"
27,nested_compatible,1,12,0.0,0.0,0.0,"[1.0, 0.0, 0.0]","[1.0, 0.0, 0.0]","[1.0, 0.0, 0.0]"
27,crossing_nonlaminar,0,19,2.7755575615628914e-17,8.326672684688674e-17,0.0,"[0.0, 0.0, 0.7124343448107657, 0.2875656551892344]","[0.0, 0.0, 0.7124343448107657, 0.2875656551892343]","[0.0, 0.0, 0.7124343448107656, 0.2875656551892343]"
28,disjoint,1,192,1.5612511283791264e-17,1.5612511283791264e-17,0.0,"[0.7503697785717509, 0.23191151513409983, 0.017718706294149282]","[0.7503697785717509, 0.2319115151340998, 0.01771870629414928]","[0.7503697785717509, 0.2319115151340998, 0.01771870629414928]"
28,observed_node,1,15,0.0,0.0,0.0,"[1.0, 0.0, 0.0, 0.0, 0.0]","[1.0, 0.0, 0.0, 0.0, 0.0]","[1.0, 0.0, 0.0, 0.0, 0.0]"
28,nested_compatible,1,12,0.0,0.0,0.0,"[1.0, 0.0, 0.0]","[1.0, 0.0, 0.0]","[1.0, 0.0, 0.0]"
28,crossing_nonlaminar,0,19,0.0,0.0,0.0,"[0.0, 1.0, 0.0, 0.0]","[0.0, 1.0, 0.0, 0.0]","[0.0, 1.0, 0.0, 0.0]"
29,disjoint,1,192,0.0,0.0,0.0,"[0.33615752389578446, 0.5555672301001919, 0.1082752460040236]","[0.33615752389578446, 0.5555672301001919, 0.1082752460040236]","[0.33615752389578446, 0.5555672301001919, 0.1082752460040236]"
29,observed_node,1,15,0.511876963033884,0.0,0.027866445030972558,"[0.0, 0.0, 1.0, 0.0, 0.0]","[0.027866445030972558, 0.22807203648596958, 0.48812303696611603, 0.22807203648596944, 0.02786644503097253]","[0.0, 0.0, 1.0, 0.0, 0.0]"
29,nested_compatible,1,12,0.4013451687963149,0.0,0.2006725843981575,"[0.0, 1.0, 0.0]","[0.2006725843981575, 0.5986548312036851, 0.2006725843981574]","[0.0, 1.0, 0.0]"
29,crossing_nonlaminar,0,19,0.2777304644234043,0.0,0.0,"[0.0, 0.0, 1.0, 0.0]","[0.0, 0.13886523221170224, 0.7222695355765957, 0.13886523221170216]","[0.0, 0.0, 1.0, 0.0]"
30,disjoint,1,192,9.020562075079397e-17,0.0,5.551115123125783e-17,"[0.35667082875649314, 0.5850498725134431, 0.058279298730063725]","[0.3566708287564932, 0.5850498725134432, 0.05827929873006374]","[0.35667082875649314, 0.5850498725134431, 0.058279298730063725]"
30,observed_node,1,15,0.0,0.0,0.0,"[1.0, 0.0, 0.0, 0.0, 0.0]","[1.0, 0.0, 0.0, 0.0, 0.0]","[1.0, 0.0, 0.0, 0.0, 0.0]"
30,nested_compatible,1,12,0.0,0.0,0.0,"[1.0, 0.0, 0.0]","[1.0, 0.0, 0.0]","[1.0, 0.0, 0.0]"
30,crossing_nonlaminar,0,19,1.3877787807814457e-17,0.0,0.0,"[0.7518935108524316, 0.24810648914756844, 0.0, 0.0]","[0.7518935108524316, 0.24810648914756842, 0.0, 0.0]","[0.7518935108524316, 0.24810648914756844, 0.0, 0.0]"
31,disjoint,1,192,2.7755575615628914e-17,6.245004513516506e-17,-5.551115123125783e-17,"[0.43704333741314627, 0.5001180928738103, 0.06283856971304351]","[0.4370433374131462, 0.5001180928738103, 0.06283856971304351]","[0.43704333741314627, 0.5001180928738104, 0.06283856971304352]"
31,observed_node,1,15,0.42330389828891746,0.0,0.21165194914445876,"[0.0, 1.0, 0.0, 0.0, 0.0]","[0.21165194914445876, 0.5766961017110825, 0.21165194914445876, 0.0, 0.0]","[0.0, 1.0, 0.0, 0.0, 0.0]"
31,nested_compatible,1,12,0.0,0.0,0.0,"[1.0, 0.0, 0.0]","[1.0, 0.0, 0.0]","[1.0, 0.0, 0.0]"
31,crossing_nonlaminar,0,19,0.21904783513203752,8.326672684688674e-17,0.1435665947588321,"[0.0, 0.6783145411093929, 0.3216854588906072, 0.0]","[0.1435665947588321, 0.4592667059773554, 0.32908134487818597, 0.06808535438562666]","[0.0, 0.6783145411093928, 0.3216854588906071, 0.0]"
32,disjoint,1,192,8.326672684688674e-17,2.7755575615628914e-17,5.551115123125783e-17,"[0.3633763335869423, 0.5667106824842442, 0.06991298392881345]","[0.3633763335869424, 0.5667106824842443, 0.06991298392881345]","[0.3633763335869424, 0.5667106824842442, 0.06991298392881345]"
32,observed_node,1,15,0.25455016155709576,0.0,0.0,"[0.0, 0.0, 0.0, 1.0, 0.0]","[0.0, 0.0, 0.12727508077854785, 0.7454498384429042, 0.12727508077854782]","[0.0, 0.0, 0.0, 1.0, 0.0]"
32,nested_compatible,1,12,0.25455016155709576,0.0,0.12727508077854785,"[0.0, 1.0, 0.0]","[0.12727508077854785, 0.7454498384429042, 0.12727508077854782]","[0.0, 1.0, 0.0]"
32,crossing_nonlaminar,0,19,1.249000902703301e-16,1.249000902703301e-16,0.0,"[0.0, 0.0, 0.7882011265636788, 0.211798873436321]","[0.0, 0.0, 0.788201126563679, 0.21179887343632103]","[0.0, 0.0, 0.788201126563679, 0.21179887343632103]"
33,disjoint,1,192,2.7755575615628914e-17,2.7755575615628914e-17,-2.7755575615628914e-17,"[0.1838098265382562, 0.5695512291907797, 0.24663894427096408]","[0.18380982653825617, 0.5695512291907797, 0.2466389442709641]","[0.18380982653825617, 0.5695512291907797, 0.2466389442709641]"
33,observed_node,1,15,0.4894862836362335,0.0,0.24474314181811674,"[0.0, 1.0, 0.0, 0.0, 0.0]","[0.24474314181811674, 0.5105137163637665, 0.24474314181811674, 0.0, 0.0]","[0.0, 1.0, 0.0, 0.0, 0.0]"
33,nested_compatible,1,12,0.0,0.0,0.0,"[1.0, 0.0, 0.0]","[1.0, 0.0, 0.0]","[1.0, 0.0, 0.0]"
33,crossing_nonlaminar,0,19,0.4038763426748355,6.938893903907228e-18,0.2162064948309841,"[0.0, 0.8834016480496931, 0.11659835195030693, 0.0]","[0.2162064948309841, 0.4795253053748576, 0.2757315528070257, 0.028536646987132656]","[0.0, 0.8834016480496931, 0.11659835195030692, 0.0]"
34,disjoint,1,192,8.326672684688674e-17,8.326672684688674e-17,-2.7755575615628914e-17,"[0.24521691061226583, 0.5474730828627539, 0.20731000652498022]","[0.2452169106122658, 0.547473082862754, 0.20731000652498024]","[0.2452169106122658, 0.547473082862754, 0.20731000652498024]"
34,observed_node,1,15,0.531991682828059,0.0,0.03146706401207806,"[0.0, 0.0, 1.0, 0.0, 0.0]","[0.03146706401207806, 0.2345287774019515, 0.46800831717194097, 0.2345287774019514, 0.03146706401207805]","[0.0, 0.0, 1.0, 0.0, 0.0]"
34,nested_compatible,1,12,0.2970111858860143,0.0,0.14850559294300714,"[0.0, 1.0, 0.0]","[0.14850559294300714, 0.7029888141139857, 0.14850559294300716]","[0.0, 1.0, 0.0]"
34,crossing_nonlaminar,0,19,0.4237828810145131,0.0,0.0,"[0.0, 0.0, 1.0, 0.0]","[0.0, 0.21189144050725656, 0.5762171189854869, 0.2118914405072565]","[0.0, 0.0, 1.0, 0.0]"
35,disjoint,1,192,1.249000902703301e-16,8.326672684688674e-17,0.0,"[0.29555103371049357, 0.535364849143049, 0.16908411714645757]","[0.29555103371049357, 0.5353648491430488, 0.16908411714645755]","[0.2955510337104936, 0.5353648491430489, 0.16908411714645757]"
35,observed_node,1,15,0.0,0.0,0.0,"[0.0, 0.0, 1.0, 0.0, 0.0]","[0.0, 0.0, 1.0, 0.0, 0.0]","[0.0, 0.0, 1.0, 0.0, 0.0]"
35,nested_compatible,1,12,0.0,0.0,0.0,"[0.0, 0.0, 1.0]","[0.0, 0.0, 1.0]","[0.0, 0.0, 1.0]"
35,crossing_nonlaminar,0,19,0.0,0.0,0.0,"[0.0, 1.0, 0.0, 0.0]","[0.0, 1.0, 0.0, 0.0]","[0.0, 1.0, 0.0, 0.0]"
36,disjoint,1,192,9.71445146547012e-17,9.71445146547012e-17,2.7755575615628914e-17,"[0.16040709655383473, 0.5959506530834481, 0.243642250362717]","[0.16040709655383475, 0.5959506530834482, 0.24364225036271706]","[0.16040709655383475, 0.5959506530834482, 0.24364225036271706]"
36,observed_node,1,15,0.36667801529528243,0.0,0.0,"[0.0, 0.0, 0.0, 1.0, 0.0]","[0.0, 0.0, 0.18333900764764124, 0.6333219847047176, 0.18333900764764124]","[0.0, 0.0, 0.0, 1.0, 0.0]"
36,nested_compatible,1,12,0.36667801529528243,0.0,0.18333900764764124,"[0.0, 1.0, 0.0]","[0.18333900764764124, 0.6333219847047176, 0.18333900764764124]","[0.0, 1.0, 0.0]"
36,crossing_nonlaminar,0,19,5.551115123125783e-17,8.326672684688674e-17,0.0,"[0.0, 0.0, 0.42087230024646116, 0.5791276997535387]","[0.0, 0.0, 0.42087230024646116, 0.5791276997535388]","[0.0, 0.0, 0.4208723002464612, 0.5791276997535388]"
37,disjoint,1,192,8.326672684688674e-17,5.551115123125783e-17,-5.551115123125783e-17,"[0.34179506593858444, 0.4901670755216141, 0.16803785853980152]","[0.3417950659385844, 0.490167075521614, 0.16803785853980152]","[0.3417950659385844, 0.49016707552161404, 0.16803785853980152]"
37,observed_node,1,15,0.38266948455928207,0.0,0.19133474227964103,"[0.0, 1.0, 0.0, 0.0, 0.0]","[0.19133474227964103, 0.6173305154407178, 0.19133474227964103, 0.0, 0.0]","[0.0, 1.0, 0.0, 0.0, 0.0]"
37,nested_compatible,1,12,0.0,0.0,0.0,"[1.0, 0.0, 0.0]","[1.0, 0.0, 0.0]","[1.0, 0.0, 0.0]"
37,crossing_nonlaminar,0,19,0.38266948455928207,0.0,0.19133474227964103,"[0.0, 1.0, 0.0, 0.0]","[0.19133474227964103, 0.6173305154407178, 0.19133474227964103, 0.0]","[0.0, 1.0, 0.0, 0.0]"
38,disjoint,1,192,5.551115123125783e-17,5.551115123125783e-17,0.0,"[0.33045122362783036, 0.5399982931459176, 0.12955048322625193]","[0.33045122362783036, 0.5399982931459177, 0.12955048322625193]","[0.33045122362783036, 0.5399982931459177, 0.12955048322625193]"
38,observed_node,1,15,0.28367560408478665,0.0,0.14183780204239327,"[0.0, 1.0, 0.0, 0.0, 0.0]","[0.14183780204239327, 0.7163243959152134, 0.14183780204239335, 0.0, 0.0]","[0.0, 1.0, 0.0, 0.0, 0.0]"
38,nested_compatible,1,12,0.28367560408478665,0.0,0.14183780204239327,"[0.0, 1.0, 0.0]","[0.14183780204239327, 0.7163243959152134, 0.14183780204239335]","[0.0, 1.0, 0.0]"
38,crossing_nonlaminar,0,19,0.0,0.0,0.0,"[1.0, 0.0, 0.0, 0.0]","[1.0, 0.0, 0.0, 0.0]","[1.0, 0.0, 0.0, 0.0]"
39,disjoint,1,192,5.551115123125783e-17,5.551115123125783e-17,5.551115123125783e-17,"[0.26473871878558464, 0.4996958916904886, 0.23556538952392675]","[0.2647387187855847, 0.49969589169048856, 0.23556538952392675]","[0.2647387187855847, 0.49969589169048856, 0.23556538952392675]"
39,observed_node,1,15,0.4904996589591466,0.0,0.02534575927019839,"[0.0, 0.0, 1.0, 0.0, 0.0]","[0.02534575927019839, 0.21990407020937486, 0.5095003410408534, 0.21990407020937489, 0.025345759270198404]","[0.0, 0.0, 1.0, 0.0, 0.0]"
39,nested_compatible,1,12,0.27836429016348585,0.0,0.13918214508174287,"[0.0, 1.0, 0.0]","[0.13918214508174287, 0.7216357098365141, 0.13918214508174295]","[0.0, 1.0, 0.0]"
39,crossing_nonlaminar,0,19,0.302526269248394,5.551115123125783e-17,0.16154374381893982,"[0.0, 0.887091388723649, 0.11290861127635109, 0.0]","[0.16154374381893982, 0.584565119475255, 0.23332991831631947, 0.020561218389485724]","[0.0, 0.8870913887236489, 0.11290861127635109, 0.0]"
40,disjoint,1,192,1.5265566588595902e-16,1.5265566588595902e-16,2.7755575615628914e-17,"[0.19336974936523996, 0.5572984499673334, 0.24933180066742636]","[0.19336974936523998, 0.5572984499673336, 0.2493318006674264]","[0.19336974936523998, 0.5572984499673336, 0.2493318006674264]"
40,observed_node,1,15,0.2980698180457132,0.0,0.005321383640825671,"[0.0, 0.0, 1.0, 0.0, 0.0]","[0.005321383640825671, 0.14371352538203097, 0.7019301819542869, 0.143713525382031, 0.005321383640825672]","[0.0, 0.0, 1.0, 0.0, 0.0]"
40,nested_compatible,1,12,0.24206497471665855,0.0,0.12103248735832926,"[0.0, 1.0, 0.0]","[0.12103248735832926, 0.7579350252833414, 0.1210324873583293]","[0.0, 1.0, 0.0]"
40,crossing_nonlaminar,0,19,0.07697213879930041,6.245004513516506e-17,0.04031290379543496,"[0.0, 0.9168989398857676, 0.08310106011423225, 0.0]","[0.04031290379543496, 0.8399268010864673, 0.1161066263265284, 0.0036536687915694043]","[0.0, 0.9168989398857678, 0.08310106011423227, 0.0]"
41,disjoint,1,192,2.7755575615628914e-17,2.7755575615628914e-17,0.0,"[0.18330865891513684, 0.5000725979234479, 0.3166187431614153]","[0.18330865891513684, 0.5000725979234479, 0.31661874316141525]","[0.18330865891513684, 0.5000725979234479, 0.31661874316141525]"
41,observed_node,1,15,0.38458506456593367,0.0,0.19229253228296683,"[0.0, 1.0, 0.0, 0.0, 0.0]","[0.19229253228296683, 0.6154149354340663, 0.19229253228296683, 0.0, 0.0]","[0.0, 1.0, 0.0, 0.0, 0.0]"
41,nested_compatible,1,12,0.38458506456593367,0.0,0.19229253228296683,"[0.0, 1.0, 0.0]","[0.19229253228296683, 0.6154149354340663, 0.19229253228296683]","[0.0, 1.0, 0.0]"
41,crossing_nonlaminar,0,19,0.0,0.0,0.0,"[1.0, 0.0, 0.0, 0.0]","[1.0, 0.0, 0.0, 0.0]","[1.0, 0.0, 0.0, 0.0]"
42,disjoint,1,192,0.0,0.0,0.0,"[0.2067584360490366, 0.5062059067390354, 0.287035657211928]","[0.2067584360490366, 0.5062059067390354, 0.287035657211928]","[0.2067584360490366, 0.5062059067390354, 0.287035657211928]"
42,observed_node,1,15,0.0,0.0,0.0,"[0.0, 0.0, 1.0, 0.0, 0.0]","[0.0, 0.0, 1.0, 0.0, 0.0]","[0.0, 0.0, 1.0, 0.0, 0.0]"
42,nested_compatible,1,12,0.0,0.0,0.0,"[0.0, 0.0, 1.0]","[0.0, 0.0, 1.0]","[0.0, 0.0, 1.0]"
42,crossing_nonlaminar,0,19,8.326672684688674e-17,0.0,-5.551115123125783e-17,"[0.2874291877195115, 0.7125708122804885, 0.0, 0.0]","[0.2874291877195114, 0.7125708122804886, 0.0, 0.0]","[0.2874291877195115, 0.7125708122804885, 0.0, 0.0]"
43,disjoint,1,192,4.163336342344337e-17,4.163336342344337e-17,2.7755575615628914e-17,"[0.12041867535001971, 0.5512162341620895, 0.32836509048789064]","[0.12041867535001974, 0.5512162341620895, 0.3283650904878907]","[0.12041867535001974, 0.5512162341620895, 0.3283650904878907]"
43,observed_node,1,15,0.3992715323420991,0.0,0.19963576617104956,"[0.0, 1.0, 0.0, 0.0, 0.0]","[0.19963576617104956, 0.6007284676579008, 0.19963576617104953, 0.0, 0.0]","[0.0, 1.0, 0.0, 0.0, 0.0]"
43,nested_compatible,1,12,0.3992715323420991,0.0,0.19963576617104956,"[0.0, 1.0, 0.0]","[0.19963576617104956, 0.6007284676579008, 0.19963576617104953]","[0.0, 1.0, 0.0]"
43,crossing_nonlaminar,0,19,0.0,0.0,0.0,"[1.0, 0.0, 0.0, 0.0]","[1.0, 0.0, 0.0, 0.0]","[1.0, 0.0, 0.0, 0.0]"
44,disjoint,1,192,2.7755575615628914e-17,2.7755575615628914e-17,0.0,"[0.3569624343812694, 0.4909738978489177, 0.15206366776981295]","[0.3569624343812694, 0.49097389784891765, 0.15206366776981295]","[0.3569624343812694, 0.49097389784891765, 0.15206366776981295]"
44,observed_node,1,15,0.4346012361647157,0.0,0.0,"[0.0, 0.0, 0.0, 1.0, 0.0]","[0.0, 0.0, 0.2173006180823578, 0.5653987638352843, 0.21730061808235787]","[0.0, 0.0, 0.0, 1.0, 0.0]"
44,nested_compatible,1,12,0.0,0.0,0.0,"[0.0, 0.0, 1.0]","[0.0, 0.0, 1.0]","[0.0, 0.0, 1.0]"
44,crossing_nonlaminar,0,19,0.4346012361647157,0.0,0.2173006180823578,"[0.0, 1.0, 0.0, 0.0]","[0.2173006180823578, 0.5653987638352843, 0.21730061808235787, 0.0]","[0.0, 1.0, 0.0, 0.0]"
45,disjoint,1,192,2.7755575615628914e-17,2.7755575615628914e-17,0.0,"[0.041359945722818224, 0.32465174405034036, 0.6339883102268414]","[0.041359945722818224, 0.3246517440503403, 0.6339883102268414]","[0.041359945722818224, 0.3246517440503403, 0.6339883102268414]"
45,observed_node,1,15,0.07258926442259772,0.0,0.03629463221129883,"[0.0, 1.0, 0.0, 0.0, 0.0]","[0.03629463221129883, 0.9274107355774023, 0.036294632211298895, 0.0, 0.0]","[0.0, 1.0, 0.0, 0.0, 0.0]"
45,nested_compatible,1,12,0.07258926442259772,0.0,0.03629463221129883,"[0.0, 1.0, 0.0]","[0.03629463221129883, 0.9274107355774023, 0.036294632211298895]","[0.0, 1.0, 0.0]"
45,crossing_nonlaminar,0,19,5.551115123125783e-17,5.551115123125783e-17,-1.1102230246251565e-16,"[0.9076141181384483, 0.09238588186155183, 0.0, 0.0]","[0.9076141181384482, 0.09238588186155183, 0.0, 0.0]","[0.9076141181384482, 0.09238588186155183, 0.0, 0.0]"
46,disjoint,1,192,0.0,0.0,0.0,"[0.07113496204814679, 0.40226914243223644, 0.5265958955196167]","[0.07113496204814679, 0.40226914243223644, 0.5265958955196167]","[0.07113496204814679, 0.40226914243223644, 0.5265958955196167]"
46,observed_node,1,15,0.2823604911625135,0.0,0.0,"[0.0, 0.0, 0.0, 1.0, 0.0]","[0.0, 0.0, 0.14118024558125672, 0.7176395088374865, 0.14118024558125677]","[0.0, 0.0, 0.0, 1.0, 0.0]"
46,nested_compatible,1,12,0.0,0.0,0.0,"[0.0, 0.0, 1.0]","[0.0, 0.0, 1.0]","[0.0, 0.0, 1.0]"
46,crossing_nonlaminar,0,19,0.2823604911625135,0.0,0.14118024558125672,"[0.0, 1.0, 0.0, 0.0]","[0.14118024558125672, 0.7176395088374865, 0.14118024558125677, 0.0]","[0.0, 1.0, 0.0, 0.0]"
47,disjoint,1,192,5.551115123125783e-17,3.122502256758253e-17,-1.1102230246251565e-16,"[0.6320887975091949, 0.3304707873811381, 0.03744041510966702]","[0.6320887975091948, 0.3304707873811381, 0.03744041510966702]","[0.6320887975091949, 0.33047078738113816, 0.03744041510966703]"
47,observed_node,1,15,0.0,0.0,0.0,"[0.0, 0.0, 0.0, 0.0, 1.0]","[0.0, 0.0, 0.0, 0.0, 1.0]","[0.0, 0.0, 0.0, 0.0, 1.0]"
47,nested_compatible,1,12,0.0,0.0,0.0,"[0.0, 0.0, 1.0]","[0.0, 0.0, 1.0]","[0.0, 0.0, 1.0]"
47,crossing_nonlaminar,0,19,0.0,0.0,0.0,"[0.0, 0.0, 0.0, 1.0]","[0.0, 0.0, 0.0, 1.0]","[0.0, 0.0, 0.0, 1.0]"
48,disjoint,1,192,0.0,9.71445146547012e-17,0.0,"[0.3308142384966685, 0.5099964792356352, 0.15918928226769624]","[0.3308142384966685, 0.5099964792356352, 0.15918928226769624]","[0.3308142384966686, 0.5099964792356353, 0.15918928226769627]"
48,observed_node,1,15,0.0,0.0,0.0,"[0.0, 0.0, 0.0, 0.0, 1.0]","[0.0, 0.0, 0.0, 0.0, 1.0]","[0.0, 0.0, 0.0, 0.0, 1.0]"
48,nested_compatible,1,12,0.0,0.0,0.0,"[0.0, 0.0, 1.0]","[0.0, 0.0, 1.0]","[0.0, 0.0, 1.0]"
48,crossing_nonlaminar,0,19,0.0,0.0,0.0,"[0.0, 0.0, 0.0, 1.0]","[0.0, 0.0, 0.0, 1.0]","[0.0, 0.0, 0.0, 1.0]"
49,disjoint,1,192,1.3877787807814457e-17,1.3877787807814457e-17,0.0,"[0.2719930009865489, 0.5548539750749649, 0.17315302393848622]","[0.2719930009865489, 0.5548539750749649, 0.17315302393848625]","[0.2719930009865489, 0.5548539750749649, 0.17315302393848625]"
49,observed_node,1,15,0.44990973925029815,0.0,0.02031025911565478,"[0.0, 0.0, 1.0, 0.0, 0.0]","[0.02031025911565478, 0.20464461050949428, 0.5500902607497018, 0.20464461050949426, 0.020310259115654775]","[0.0, 0.0, 1.0, 0.0, 0.0]"
49,nested_compatible,1,12,0.26375949317067904,0.0,0.13187974658533952,"[0.0, 1.0, 0.0]","[0.13187974658533952, 0.736240506829321, 0.13187974658533952]","[0.0, 1.0, 0.0]"
49,crossing_nonlaminar,0,19,0.30801180077354773,0.0,0.15400590038677386,"[0.0, 1.0, 0.0, 0.0]","[0.15400590038677386, 0.6919881992264523, 0.15400590038677384, 0.0]","[0.0, 1.0, 0.0, 0.0]"
50,disjoint,1,192,6.938893903907228e-17,6.938893903907228e-17,-2.7755575615628914e-17,"[0.23338161144356576, 0.6156044075373449, 0.15101398101908944]","[0.23338161144356573, 0.6156044075373448, 0.15101398101908944]","[0.23338161144356573, 0.6156044075373448, 0.15101398101908944]"
50,observed_node,1,15,0.0,0.0,0.0,"[1.0, 0.0, 0.0, 0.0, 0.0]","[1.0, 0.0, 0.0, 0.0, 0.0]","[1.0, 0.0, 0.0, 0.0, 0.0]"
50,nested_compatible,1,12,0.0,0.0,0.0,"[1.0, 0.0, 0.0]","[1.0, 0.0, 0.0]","[1.0, 0.0, 0.0]"
50,crossing_nonlaminar,0,19,6.245004513516506e-17,5.898059818321144e-17,-1.1102230246251565e-16,"[0.9430930731516293, 0.05690692684837089, 0.0, 0.0]","[0.9430930731516292, 0.05690692684837088, 0.0, 0.0]","[0.9430930731516292, 0.056906926848370884, 0.0, 0.0]"
51,disjoint,1,192,1.3877787807814457e-17,1.3877787807814457e-17,0.0,"[0.14038884566821766, 0.6320829565789294, 0.2275281977528529]","[0.14038884566821766, 0.6320829565789294, 0.22752819775285293]","[0.14038884566821766, 0.6320829565789294, 0.22752819775285293]"
51,observed_node,1,15,0.296529883484964,0.0,0.0,"[0.0, 0.0, 0.0, 1.0, 0.0]","[0.0, 0.0, 0.14826494174248195, 0.703470116515036, 0.14826494174248203]","[0.0, 0.0, 0.0, 1.0, 0.0]"
51,nested_compatible,1,12,0.296529883484964,0.0,0.14826494174248195,"[0.0, 1.0, 0.0]","[0.14826494174248195, 0.703470116515036, 0.14826494174248203]","[0.0, 1.0, 0.0]"
51,crossing_nonlaminar,0,19,6.245004513516506e-17,6.245004513516506e-17,0.0,"[0.0, 0.0, 0.8951251314140733, 0.10487486858592654]","[0.0, 0.0, 0.8951251314140735, 0.10487486858592655]","[0.0, 0.0, 0.8951251314140735, 0.10487486858592655]"
52,disjoint,1,192,4.163336342344337e-17,4.163336342344337e-17,2.7755575615628914e-17,"[0.2013327732689629, 0.49478230339681656, 0.30388492333422046]","[0.20133277326896293, 0.4947823033968166, 0.30388492333422046]","[0.20133277326896293, 0.4947823033968166, 0.30388492333422046]"
52,observed_node,1,15,0.3418547570355167,0.0,0.00893696768600325,"[0.0, 0.0, 1.0, 0.0, 0.0]","[0.00893696768600325, 0.16199041083175508, 0.6581452429644833, 0.16199041083175517, 0.008936967686003258]","[0.0, 0.0, 1.0, 0.0, 0.0]"
52,nested_compatible,1,12,0.2556395532070955,0.0,0.1278197766035477,"[0.0, 1.0, 0.0]","[0.1278197766035477, 0.7443604467929045, 0.1278197766035478]","[0.0, 1.0, 0.0]"
52,crossing_nonlaminar,0,19,0.13983700994444082,0.0,0.0699185049722204,"[0.0, 1.0, 0.0, 0.0]","[0.0699185049722204, 0.8601629900555592, 0.06991850497222041, 0.0]","[0.0, 1.0, 0.0, 0.0]"
53,disjoint,1,192,9.71445146547012e-17,9.71445146547012e-17,-2.7755575615628914e-17,"[0.23074228329555754, 0.501657954041425, 0.2675997626630174]","[0.23074228329555752, 0.5016579540414251, 0.26759976266301744]","[0.23074228329555752, 0.5016579540414251, 0.26759976266301744]"
53,observed_node,1,15,0.27116137847629096,0.0,0.13558068923814548,"[0.0, 1.0, 0.0, 0.0, 0.0]","[0.13558068923814548, 0.728838621523709, 0.13558068923814545, 0.0, 0.0]","[0.0, 1.0, 0.0, 0.0, 0.0]"
53,nested_compatible,1,12,0.27116137847629096,0.0,0.13558068923814548,"[0.0, 1.0, 0.0]","[0.13558068923814548, 0.728838621523709, 0.13558068923814545]","[0.0, 1.0, 0.0]"
53,crossing_nonlaminar,0,19,0.0,0.0,0.0,"[1.0, 0.0, 0.0, 0.0]","[1.0, 0.0, 0.0, 0.0]","[1.0, 0.0, 0.0, 0.0]"
54,disjoint,1,192,0.0,0.0,0.0,"[0.26336536078862205, 0.5132690251990152, 0.22336561401236274]","[0.26336536078862205, 0.5132690251990152, 0.22336561401236274]","[0.26336536078862205, 0.5132690251990152, 0.22336561401236274]"
54,observed_node,1,15,0.32581431999760047,0.0,0.16290715999880026,"[0.0, 1.0, 0.0, 0.0, 0.0]","[0.16290715999880026, 0.6741856800023995, 0.16290715999880026, 0.0, 0.0]","[0.0, 1.0, 0.0, 0.0, 0.0]"
54,nested_compatible,1,12,0.0,0.0,0.0,"[1.0, 0.0, 0.0]","[1.0, 0.0, 0.0]","[1.0, 0.0, 0.0]"
54,crossing_nonlaminar,0,19,0.32581431999760047,0.0,0.0,"[0.0, 0.0, 1.0, 0.0]","[0.0, 0.16290715999880026, 0.6741856800023995, 0.16290715999880026]","[0.0, 0.0, 1.0, 0.0]"
55,disjoint,1,192,6.938893903907228e-17,1.3877787807814457e-17,0.0,"[0.26868698075635494, 0.5038259709077225, 0.22748704833592256]","[0.26868698075635494, 0.5038259709077226, 0.22748704833592254]","[0.26868698075635494, 0.5038259709077225, 0.22748704833592254]"
55,observed_node,1,15,0.0,0.0,0.0,"[0.0, 0.0, 1.0, 0.0, 0.0]","[0.0, 0.0, 1.0, 0.0, 0.0]","[0.0, 0.0, 1.0, 0.0, 0.0]"
55,nested_compatible,1,12,0.0,0.0,0.0,"[0.0, 0.0, 1.0]","[0.0, 0.0, 1.0]","[0.0, 0.0, 1.0]"
55,crossing_nonlaminar,0,19,0.0,0.0,0.0,"[0.0, 1.0, 0.0, 0.0]","[0.0, 1.0, 0.0, 0.0]","[0.0, 1.0, 0.0, 0.0]"
56,disjoint,1,192,5.551115123125783e-17,5.551115123125783e-17,0.0,"[0.3487567727589325, 0.494019787079587, 0.15722344016148043]","[0.3487567727589325, 0.49401978707958705, 0.1572234401614805]","[0.3487567727589325, 0.49401978707958705, 0.1572234401614805]"
56,observed_node,1,15,0.4562402220049129,0.0,0.0,"[0.0, 0.0, 0.0, 1.0, 0.0]","[0.0, 0.0, 0.22812011100245647, 0.5437597779950871, 0.2281201110024564]","[0.0, 0.0, 0.0, 1.0, 0.0]"
56,nested_compatible,1,12,0.4562402220049129,0.0,0.22812011100245647,"[0.0, 1.0, 0.0]","[0.22812011100245647, 0.5437597779950871, 0.2281201110024564]","[0.0, 1.0, 0.0]"
56,crossing_nonlaminar,0,19,0.0,0.0,0.0,"[0.0, 0.0, 1.0, 0.0]","[0.0, 0.0, 1.0, 0.0]","[0.0, 0.0, 1.0, 0.0]"
57,disjoint,1,192,5.551115123125783e-17,5.551115123125783e-17,-5.551115123125783e-17,"[0.254093355598665, 0.518831350015695, 0.22707529438564003]","[0.25409335559866497, 0.518831350015695, 0.22707529438563998]","[0.25409335559866497, 0.518831350015695, 0.22707529438563998]"
57,observed_node,1,15,0.0,0.0,0.0,"[1.0, 0.0, 0.0, 0.0, 0.0]","[1.0, 0.0, 0.0, 0.0, 0.0]","[1.0, 0.0, 0.0, 0.0, 0.0]"
57,nested_compatible,1,12,0.0,0.0,0.0,"[1.0, 0.0, 0.0]","[1.0, 0.0, 0.0]","[1.0, 0.0, 0.0]"
57,crossing_nonlaminar,0,19,5.551115123125783e-17,5.551115123125783e-17,0.0,"[0.4294878092529447, 0.5705121907470554, 0.0, 0.0]","[0.4294878092529447, 0.5705121907470553, 0.0, 0.0]","[0.4294878092529447, 0.5705121907470553, 0.0, 0.0]"
58,disjoint,1,192,8.673617379884035e-17,0.0,-1.1102230246251565e-16,"[0.6553521266462154, 0.3121736956478229, 0.032474177705961726]","[0.6553521266462153, 0.3121736956478228, 0.03247417770596172]","[0.6553521266462154, 0.3121736956478229, 0.032474177705961726]"
58,observed_node,1,15,0.0,0.0,0.0,"[0.0, 0.0, 1.0, 0.0, 0.0]","[0.0, 0.0, 1.0, 0.0, 0.0]","[0.0, 0.0, 1.0, 0.0, 0.0]"
58,nested_compatible,1,12,0.0,0.0,0.0,"[0.0, 0.0, 1.0]","[0.0, 0.0, 1.0]","[0.0, 0.0, 1.0]"
58,crossing_nonlaminar,0,19,0.0,0.0,0.0,"[1.0, 0.0, 0.0, 0.0]","[1.0, 0.0, 0.0, 0.0]","[1.0, 0.0, 0.0, 0.0]"
59,disjoint,1,192,5.551115123125783e-17,5.551115123125783e-17,0.0,"[0.11205630163656592, 0.4486210272108347, 0.4393226711525994]","[0.11205630163656592, 0.44862102721083474, 0.4393226711525993]","[0.11205630163656592, 0.44862102721083474, 0.4393226711525993]"
59,observed_node,1,15,0.46648592323746435,0.0,0.0,"[0.0, 0.0, 0.0, 1.0, 0.0]","[0.0, 0.0, 0.23324296161873223, 0.5335140767625357, 0.23324296161873215]","[0.0, 0.0, 0.0, 1.0, 0.0]"
59,nested_compatible,1,12,0.0,0.0,0.0,"[0.0, 0.0, 1.0]","[0.0, 0.0, 1.0]","[0.0, 0.0, 1.0]"
59,crossing_nonlaminar,0,19,0.3927845134256832,6.245004513516506e-17,0.02456713660392706,"[0.0, 0.10532852281341479, 0.8946714771865854, 0.0]","[0.02456713660392706, 0.2648700746203658, 0.5018869637609021, 0.20867582501480508]","[0.0, 0.1053285228134148, 0.8946714771865852, 0.0]"
60,disjoint,1,192,9.71445146547012e-17,9.71445146547012e-17,-2.7755575615628914e-17,"[0.19326988075092352, 0.5065809725191177, 0.3001491467299586]","[0.1932698807509235, 0.5065809725191178, 0.3001491467299587]","[0.1932698807509235, 0.5065809725191178, 0.3001491467299587]"
60,observed_node,1,15,0.31205531487861166,0.0,0.007109729673607248,"[0.0, 0.0, 1.0, 0.0, 0.0]","[0.007109729673607248, 0.14891792776569848, 0.6879446851213883, 0.14891792776569862, 0.007109729673607268]","[0.0, 0.0, 1.0, 0.0, 0.0]"
60,nested_compatible,1,12,0.23227981334878212,0.0,0.11613990667439099,"[0.0, 1.0, 0.0]","[0.11613990667439099, 0.7677201866512179, 0.1161399066743911]","[0.0, 1.0, 0.0]"
60,crossing_nonlaminar,0,19,0.1224338795714731,0.0,0.0,"[0.0, 0.0, 1.0, 0.0]","[0.0, 0.06121693978573649, 0.8775661204285269, 0.06121693978573659]","[0.0, 0.0, 1.0, 0.0]"
61,disjoint,1,192,2.7755575615628914e-17,2.7755575615628914e-17,-5.551115123125783e-17,"[0.41071100472329125, 0.46577390814720065, 0.12351508712950815]","[0.4107110047232912, 0.46577390814720065, 0.12351508712950815]","[0.4107110047232912, 0.46577390814720065, 0.12351508712950815]"
61,observed_node,1,15,0.2308168172488301,0.0,0.0,"[0.0, 0.0, 0.0, 1.0, 0.0]","[0.0, 0.0, 0.11540840862441507, 0.7691831827511699, 0.11540840862441508]","[0.0, 0.0, 0.0, 1.0, 0.0]"
61,nested_compatible,1,12,0.2308168172488301,0.0,0.11540840862441507,"[0.0, 1.0, 0.0]","[0.11540840862441507, 0.7691831827511699, 0.11540840862441508]","[0.0, 1.0, 0.0]"
61,crossing_nonlaminar,0,19,0.0,0.0,0.0,"[0.0, 0.0, 0.0, 1.0]","[0.0, 0.0, 0.0, 1.0]","[0.0, 0.0, 0.0, 1.0]"
62,disjoint,1,192,5.551115123125783e-17,5.551115123125783e-17,0.0,"[0.04847232455857466, 0.34383094083016225, 0.6076967346112632]","[0.04847232455857466, 0.34383094083016225, 0.6076967346112631]","[0.04847232455857466, 0.34383094083016225, 0.6076967346112631]"
62,observed_node,1,15,0.5432712931452486,0.0,0.021855386153898284,"[0.0, 0.0, 1.0, 0.0, 0.0]","[0.021855386153898284, 0.24978026041872595, 0.4567287068547514, 0.24978026041872595, 0.0218553861538983]","[0.0, 0.0, 1.0, 0.0, 0.0]"
62,nested_compatible,1,12,0.4993237119525694,0.0,0.2496618559762847,"[0.0, 1.0, 0.0]","[0.2496618559762847, 0.5006762880474306, 0.2496618559762847]","[0.0, 1.0, 0.0]"
62,crossing_nonlaminar,0,19,0.08753994905803442,8.326672684688674e-17,0.05644202564299026,"[0.0, 0.6447573507904619, 0.3552426492095379, 0.0]","[0.05644202564299026, 0.5629712229195255, 0.3494888280224399, 0.03109792341504416]","[0.0, 0.644757350790462, 0.35524264920953796, 0.0]"
63,disjoint,1,192,0.0,0.0,0.0,"[0.23408310931581489, 0.5082366716421369, 0.2576802190420482]","[0.23408310931581489, 0.5082366716421369, 0.2576802190420482]","[0.23408310931581489, 0.5082366716421369, 0.2576802190420482]"
63,observed_node,1,15,0.0,0.0,0.0,"[1.0, 0.0, 0.0, 0.0, 0.0]","[1.0, 0.0, 0.0, 0.0, 0.0]","[1.0, 0.0, 0.0, 0.0, 0.0]"
63,nested_compatible,1,12,0.0,0.0,0.0,"[1.0, 0.0, 0.0]","[1.0, 0.0, 0.0]","[1.0, 0.0, 0.0]"
63,crossing_nonlaminar,0,19,0.0,0.0,0.0,"[0.0, 1.0, 0.0, 0.0]","[0.0, 1.0, 0.0, 0.0]","[0.0, 1.0, 0.0, 0.0]"
64,disjoint,1,192,6.938893903907228e-17,6.938893903907228e-17,0.0,"[0.23997193721208956, 0.5870914021020965, 0.17293666068581381]","[0.23997193721208956, 0.5870914021020966, 0.17293666068581384]","[0.23997193721208956, 0.5870914021020966, 0.17293666068581384]"
64,observed_node,1,15,0.0,0.0,0.0,"[0.0, 0.0, 1.0, 0.0, 0.0]","[0.0, 0.0, 1.0, 0.0, 0.0]","[0.0, 0.0, 1.0, 0.0, 0.0]"
64,nested_compatible,1,12,0.0,0.0,0.0,"[1.0, 0.0, 0.0]","[1.0, 0.0, 0.0]","[1.0, 0.0, 0.0]"
64,crossing_nonlaminar,0,19,0.0,0.0,0.0,"[0.0, 0.0, 0.0, 1.0]","[0.0, 0.0, 0.0, 1.0]","[0.0, 0.0, 0.0, 1.0]"
65,disjoint,1,192,5.551115123125783e-17,5.551115123125783e-17,0.0,"[0.3293048983283481, 0.6006943251149143, 0.07000077655673771]","[0.3293048983283481, 0.6006943251149142, 0.07000077655673771]","[0.3293048983283481, 0.6006943251149142, 0.07000077655673771]"
65,observed_node,1,15,0.4808387380726254,0.0,0.24041936903631272,"[0.0, 1.0, 0.0, 0.0, 0.0]","[0.24041936903631272, 0.5191612619273747, 0.24041936903631264, 0.0, 0.0]","[0.0, 1.0, 0.0, 0.0, 0.0]"
65,nested_compatible,1,12,0.0,0.0,0.0,"[1.0, 0.0, 0.0]","[1.0, 0.0, 0.0]","[1.0, 0.0, 0.0]"
65,crossing_nonlaminar,0,19,0.4808387380726254,0.0,0.0,"[0.0, 0.0, 1.0, 0.0]","[0.0, 0.24041936903631272, 0.5191612619273747, 0.24041936903631264]","[0.0, 0.0, 1.0, 0.0]"
66,disjoint,1,192,8.326672684688674e-17,8.326672684688674e-17,0.0,"[0.05918953032851714, 0.3724507659028999, 0.5683597037685831]","[0.05918953032851714, 0.3724507659028998, 0.568359703768583]","[0.05918953032851714, 0.3724507659028998, 0.568359703768583]"
66,observed_node,1,15,0.4888456973484815,0.0,0.24442284867424083,"[0.0, 1.0, 0.0, 0.0, 0.0]","[0.24442284867424083, 0.5111543026515185, 0.24442284867424072, 0.0, 0.0]","[0.0, 1.0, 0.0, 0.0, 0.0]"
66,nested_compatible,1,12,0.0,0.0,0.0,"[1.0, 0.0, 0.0]","[1.0, 0.0, 0.0]","[1.0, 0.0, 0.0]"
66,crossing_nonlaminar,0,19,0.4888456973484815,0.0,0.24442284867424083,"[0.0, 1.0, 0.0, 0.0]","[0.24442284867424083, 0.5111543026515185, 0.24442284867424072, 0.0]","[0.0, 1.0, 0.0, 0.0]"
67,disjoint,1,192,6.938893903907228e-17,6.938893903907228e-17,-2.7755575615628914e-17,"[0.14600298038554052, 0.48650569868421606, 0.36749132093024356]","[0.1460029803855405, 0.486505698684216, 0.3674913209302435]","[0.1460029803855405, 0.486505698684216, 0.3674913209302435]"
67,observed_node,1,15,0.5111255543821828,0.0,0.02029694900905828,"[0.0, 0.0, 1.0, 0.0, 0.0]","[0.02029694900905828, 0.2352658281820331, 0.4888744456178172, 0.23526582818203312, 0.02029694900905828]","[0.0, 0.0, 1.0, 0.0, 0.0]"
67,nested_compatible,1,12,0.45413114687408157,0.0,0.22706557343704079,"[0.0, 1.0, 0.0]","[0.22706557343704079, 0.5458688531259185, 0.2270655734370408]","[0.0, 1.0, 0.0]"
67,crossing_nonlaminar,0,19,0.10844778098244119,2.7755575615628914e-17,0.06594527725455558,"[0.0, 0.7377415289651481, 0.26225847103485195, 0.0]","[0.06594527725455558, 0.6292937479827069, 0.28131820123606766, 0.02344277352666988]","[0.0, 0.7377415289651481, 0.2622584710348519, 0.0]"
68,disjoint,1,192,1.457167719820518e-16,1.457167719820518e-16,-5.551115123125783e-17,"[0.3753077928894875, 0.5354273068760251, 0.0892649002344876]","[0.37530779288948746, 0.5354273068760249, 0.08926490023448759]","[0.37530779288948746, 0.5354273068760249, 0.08926490023448759]"
68,observed_node,1,15,0.0,0.0,0.0,"[0.0, 0.0, 1.0, 0.0, 0.0]","[0.0, 0.0, 1.0, 0.0, 0.0]","[0.0, 0.0, 1.0, 0.0, 0.0]"
68,nested_compatible,1,12,0.0,0.0,0.0,"[0.0, 0.0, 1.0]","[0.0, 0.0, 1.0]","[0.0, 0.0, 1.0]"
68,crossing_nonlaminar,0,19,2.7755575615628914e-17,2.7755575615628914e-17,0.0,"[0.5444058302815036, 0.4555941697184965, 0.0, 0.0]","[0.5444058302815036, 0.4555941697184964, 0.0, 0.0]","[0.5444058302815036, 0.4555941697184964, 0.0, 0.0]"
69,disjoint,1,192,3.469446951953614e-17,3.469446951953614e-17,1.3877787807814457e-17,"[0.1140678621347069, 0.5454708704716198, 0.3404612673936732]","[0.11406786213470692, 0.5454708704716198, 0.3404612673936733]","[0.11406786213470692, 0.5454708704716198, 0.3404612673936733]"
69,observed_node,1,15,0.0,0.0,0.0,"[0.0, 0.0, 1.0, 0.0, 0.0]","[0.0, 0.0, 1.0, 0.0, 0.0]","[0.0, 0.0, 1.0, 0.0, 0.0]"
69,nested_compatible,1,12,0.0,0.0,0.0,"[1.0, 0.0, 0.0]","[1.0, 0.0, 0.0]","[1.0, 0.0, 0.0]"
69,crossing_nonlaminar,0,19,0.0,0.0,0.0,"[0.0, 0.0, 1.0, 0.0]","[0.0, 0.0, 1.0, 0.0]","[0.0, 0.0, 1.0, 0.0]"
70,disjoint,1,192,6.938893903907228e-17,6.938893903907228e-17,0.0,"[0.20024329542307892, 0.6396571907179182, 0.16009951385900295]","[0.20024329542307892, 0.639657190717918, 0.16009951385900298]","[0.20024329542307892, 0.639657190717918, 0.16009951385900298]"
70,observed_node,1,15,0.49483500336688857,0.0,0.24741750168344429,"[0.0, 1.0, 0.0, 0.0, 0.0]","[0.24741750168344429, 0.5051649966331114, 0.2474175016834443, 0.0, 0.0]","[0.0, 1.0, 0.0, 0.0, 0.0]"
70,nested_compatible,1,12,0.0,0.0,0.0,"[1.0, 0.0, 0.0]","[1.0, 0.0, 0.0]","[1.0, 0.0, 0.0]"
70,crossing_nonlaminar,0,19,0.49483500336688857,0.0,0.24741750168344429,"[0.0, 1.0, 0.0, 0.0]","[0.24741750168344429, 0.5051649966331114, 0.2474175016834443, 0.0]","[0.0, 1.0, 0.0, 0.0]"
71,disjoint,1,192,5.551115123125783e-17,5.551115123125783e-17,-5.551115123125783e-17,"[0.18357847899831803, 0.5146821710484633, 0.3017393499532188]","[0.18357847899831797, 0.5146821710484633, 0.30173934995321877]","[0.18357847899831797, 0.5146821710484633, 0.30173934995321877]"
71,observed_node,1,15,0.5845816671722102,0.0,0.045738253593661966,"[0.0, 0.0, 1.0, 0.0, 0.0]","[0.045738253593661966, 0.24655257999244318, 0.4154183328277897, 0.24655257999244315, 0.045738253593661966]","[0.0, 0.0, 1.0, 0.0, 0.0]"
71,nested_compatible,1,12,0.39049224770238844,0.0,0.1952461238511942,"[0.0, 1.0, 0.0]","[0.1952461238511942, 0.6095077522976116, 0.1952461238511942]","[0.0, 1.0, 0.0]"
71,crossing_nonlaminar,0,19,0.27845337647904705,1.1102230246251565e-16,0.06335518818424891,"[0.0, 0.27044878076743384, 0.7295512192325664, 0.0]","[0.06335518818424891, 0.31464268673058393, 0.4510978427535192, 0.17090428233164792]","[0.0, 0.27044878076743384, 0.7295512192325662, 0.0]"
72,disjoint,1,192,5.551115123125783e-17,5.551115123125783e-17,0.0,"[0.08802854999257165, 0.4623716668500449, 0.4495997831573836]","[0.08802854999257165, 0.4623716668500448, 0.4495997831573835]","[0.08802854999257165, 0.4623716668500448, 0.4495997831573835]"
72,observed_node,1,15,0.15766354963197743,0.0,0.07883177481598873,"[0.0, 1.0, 0.0, 0.0, 0.0]","[0.07883177481598873, 0.8423364503680226, 0.07883177481598876, 0.0, 0.0]","[0.0, 1.0, 0.0, 0.0, 0.0]"
72,nested_compatible,1,12,0.15766354963197743,0.0,0.07883177481598873,"[0.0, 1.0, 0.0]","[0.07883177481598873, 0.8423364503680226, 0.07883177481598876]","[0.0, 1.0, 0.0]"
72,crossing_nonlaminar,0,19,8.326672684688674e-17,6.938893903907228e-17,5.551115123125783e-17,"[0.22140580402179394, 0.7785941959782061, 0.0, 0.0]","[0.221405804021794, 0.778594195978206, 0.0, 0.0]","[0.22140580402179397, 0.778594195978206, 0.0, 0.0]"
73,disjoint,1,192,8.326672684688674e-17,8.326672684688674e-17,-5.551115123125783e-17,"[0.26474195751392826, 0.6064963523531192, 0.12876169013295272]","[0.2647419575139282, 0.606496352353119, 0.12876169013295272]","[0.2647419575139282, 0.606496352353119, 0.12876169013295272]"
73,observed_node,1,15,0.07710166014938243,0.0,0.03855083007469125,"[0.0, 1.0, 0.0, 0.0, 0.0]","[0.03855083007469125, 0.9228983398506175, 0.03855083007469113, 0.0, 0.0]","[0.0, 1.0, 0.0, 0.0, 0.0]"
73,nested_compatible,1,12,0.07710166014938243,0.0,0.03855083007469125,"[0.0, 1.0, 0.0]","[0.03855083007469125, 0.9228983398506175, 0.03855083007469113]","[0.0, 1.0, 0.0]"
73,crossing_nonlaminar,0,19,1.0408340855860843e-16,1.6653345369377348e-16,-9.71445146547012e-17,"[0.11074762503025425, 0.889252374969746, 0.0, 0.0]","[0.11074762503025415, 0.8892523749697459, 0.0, 0.0]","[0.11074762503025425, 0.8892523749697456, 0.0, 0.0]"
74,disjoint,1,192,9.71445146547012e-17,9.71445146547012e-17,-5.551115123125783e-17,"[0.28512863942692285, 0.5779661539366072, 0.13690520663647013]","[0.2851286394269228, 0.5779661539366071, 0.1369052066364701]","[0.2851286394269228, 0.5779661539366071, 0.1369052066364701]"
74,observed_node,1,15,0.09802606544201012,0.0,0.0006458125459497266,"[0.0, 0.0, 1.0, 0.0, 0.0]","[0.0006458125459497266, 0.04836722017505535, 0.9019739345579899, 0.04836722017505535, 0.0006458125459497268]","[0.0, 0.0, 1.0, 0.0, 0.0]"
74,nested_compatible,1,12,0.05451421080809844,0.0,0.027257105404049214,"[0.0, 1.0, 0.0]","[0.027257105404049214, 0.9454857891919015, 0.027257105404049183]","[0.0, 1.0, 0.0]"
74,crossing_nonlaminar,0,19,0.047386729909610056,0.0,0.023693364954805035,"[0.0, 1.0, 0.0, 0.0]","[0.023693364954805035, 0.95261327009039, 0.02369336495480507, 0.0]","[0.0, 1.0, 0.0, 0.0]"
75,disjoint,1,192,2.7755575615628914e-17,2.7755575615628914e-17,0.0,"[0.377351146457205, 0.4753719394324534, 0.1472769141103416]","[0.377351146457205, 0.47537193943245337, 0.1472769141103416]","[0.377351146457205, 0.47537193943245337, 0.1472769141103416]"
75,observed_node,1,15,0.456930970192971,0.0,0.22846548509648543,"[0.0, 1.0, 0.0, 0.0, 0.0]","[0.22846548509648543, 0.543069029807029, 0.22846548509648554, 0.0, 0.0]","[0.0, 1.0, 0.0, 0.0, 0.0]"
75,nested_compatible,1,12,0.0,0.0,0.0,"[1.0, 0.0, 0.0]","[1.0, 0.0, 0.0]","[1.0, 0.0, 0.0]"
75,crossing_nonlaminar,0,19,0.456930970192971,0.0,0.0,"[0.0, 0.0, 1.0, 0.0]","[0.0, 0.22846548509648543, 0.543069029807029, 0.22846548509648554]","[0.0, 0.0, 1.0, 0.0]"
76,disjoint,1,192,2.7755575615628914e-17,2.7755575615628914e-17,5.551115123125783e-17,"[0.2971605808089303, 0.5009050375790554, 0.20193438161201427]","[0.2971605808089304, 0.5009050375790554, 0.20193438161201427]","[0.2971605808089304, 0.5009050375790554, 0.20193438161201427]"
76,observed_node,1,15,0.0,0.0,0.0,"[1.0, 0.0, 0.0, 0.0, 0.0]","[1.0, 0.0, 0.0, 0.0, 0.0]","[1.0, 0.0, 0.0, 0.0, 0.0]"
76,nested_compatible,1,12,0.0,0.0,0.0,"[1.0, 0.0, 0.0]","[1.0, 0.0, 0.0]","[1.0, 0.0, 0.0]"
76,crossing_nonlaminar,0,19,0.0,0.0,0.0,"[1.0, 0.0, 0.0, 0.0]","[1.0, 0.0, 0.0, 0.0]","[1.0, 0.0, 0.0, 0.0]"
77,disjoint,1,192,6.938893903907228e-17,6.938893903907228e-17,0.0,"[0.28653977006656794, 0.5621665002511423, 0.15129372968228957]","[0.28653977006656794, 0.5621665002511425, 0.15129372968228955]","[0.28653977006656794, 0.5621665002511425, 0.15129372968228955]"
77,observed_node,1,15,0.22603426543462368,0.0,0.0,"[0.0, 0.0, 0.0, 1.0, 0.0]","[0.0, 0.0, 0.11301713271731183, 0.7739657345653763, 0.11301713271731183]","[0.0, 0.0, 0.0, 1.0, 0.0]"
77,nested_compatible,1,12,0.0,0.0,0.0,"[0.0, 0.0, 1.0]","[0.0, 0.0, 1.0]","[0.0, 0.0, 1.0]"
77,crossing_nonlaminar,0,19,0.11872596384581283,5.551115123125783e-17,0.03576943386293691,"[0.0, 0.31649567638922943, 0.6835043236107705, 0.0]","[0.03576943386293691, 0.32220450751773044, 0.5647783597649577, 0.07724769885437492]","[0.0, 0.31649567638922943, 0.6835043236107706, 0.0]"
78,disjoint,1,192,5.551115123125783e-17,5.551115123125783e-17,0.0,"[0.1320764421973102, 0.5212485279536261, 0.3466750298490637]","[0.1320764421973102, 0.5212485279536262, 0.3466750298490637]","[0.1320764421973102, 0.5212485279536262, 0.3466750298490637]"
78,observed_node,1,15,0.0,0.0,0.0,"[0.0, 0.0, 1.0, 0.0, 0.0]","[0.0, 0.0, 1.0, 0.0, 0.0]","[0.0, 0.0, 1.0, 0.0, 0.0]"
78,nested_compatible,1,12,0.0,0.0,0.0,"[1.0, 0.0, 0.0]","[1.0, 0.0, 0.0]","[1.0, 0.0, 0.0]"
78,crossing_nonlaminar,0,19,5.551115123125783e-17,0.0,0.0,"[0.0, 0.0, 0.7022862523186727, 0.29771374768132736]","[0.0, 0.0, 0.7022862523186726, 0.29771374768132736]","[0.0, 0.0, 0.7022862523186727, 0.29771374768132736]"
79,disjoint,1,192,4.163336342344337e-17,4.163336342344337e-17,2.7755575615628914e-17,"[0.18056436295508632, 0.6264328088328155, 0.1930028282120981]","[0.18056436295508635, 0.6264328088328155, 0.19300282821209816]","[0.18056436295508635, 0.6264328088328155, 0.19300282821209816]"
79,observed_node,1,15,0.0,0.0,0.0,"[0.0, 0.0, 1.0, 0.0, 0.0]","[0.0, 0.0, 1.0, 0.0, 0.0]","[0.0, 0.0, 1.0, 0.0, 0.0]"
79,nested_compatible,1,12,0.0,0.0,0.0,"[1.0, 0.0, 0.0]","[1.0, 0.0, 0.0]","[1.0, 0.0, 0.0]"
79,crossing_nonlaminar,0,19,0.0,0.0,0.0,"[0.0, 0.0, 1.0, 0.0]","[0.0, 0.0, 1.0, 0.0]","[0.0, 0.0, 1.0, 0.0]"
